popname,annee,edv,pays,sexe,index,flag
USA,1950,71.010002,Etats-Unis,Femmes,1,ğŸ‡ºğŸ‡¸
USA,1950,65.400002,Etats-Unis,Hommes,1,ğŸ‡ºğŸ‡¸
USA,1951,71.220001,Etats-Unis,Femmes,1,ğŸ‡ºğŸ‡¸
USA,1951,65.410004,Etats-Unis,Hommes,1,ğŸ‡ºğŸ‡¸
USA,1952,71.5,Etats-Unis,Femmes,1,ğŸ‡ºğŸ‡¸
USA,1952,65.540001,Etats-Unis,Hommes,1,ğŸ‡ºğŸ‡¸
USA,1953,71.910004,Etats-Unis,Femmes,1,ğŸ‡ºğŸ‡¸
USA,1953,65.800003,Etats-Unis,Hommes,1,ğŸ‡ºğŸ‡¸
USA,1954,72.699997,Etats-Unis,Femmes,1,ğŸ‡ºğŸ‡¸
USA,1954,66.57,Etats-Unis,Hommes,1,ğŸ‡ºğŸ‡¸
USA,1955,72.800003,Etats-Unis,Femmes,1,ğŸ‡ºğŸ‡¸
USA,1955,66.580002,Etats-Unis,Hommes,1,ğŸ‡ºğŸ‡¸
USA,1956,72.949997,Etats-Unis,Femmes,1,ğŸ‡ºğŸ‡¸
USA,1956,66.610001,Etats-Unis,Hommes,1,ğŸ‡ºğŸ‡¸
USA,1957,72.739998,Etats-Unis,Femmes,1,ğŸ‡ºğŸ‡¸
USA,1957,66.360001,Etats-Unis,Hommes,1,ğŸ‡ºğŸ‡¸
USA,1958,73,Etats-Unis,Femmes,1,ğŸ‡ºğŸ‡¸
USA,1958,66.599998,Etats-Unis,Hommes,1,ğŸ‡ºğŸ‡¸
USA,1959,73.309998,Etats-Unis,Femmes,1,ğŸ‡ºğŸ‡¸
USA,1959,66.75,Etats-Unis,Hommes,1,ğŸ‡ºğŸ‡¸
USA,1960,73.300003,Etats-Unis,Femmes,1,ğŸ‡ºğŸ‡¸
USA,1960,66.620003,Etats-Unis,Hommes,1,ğŸ‡ºğŸ‡¸
USA,1961,73.709999,Etats-Unis,Femmes,1,ğŸ‡ºğŸ‡¸
USA,1961,67.040001,Etats-Unis,Hommes,1,ğŸ‡ºğŸ‡¸
USA,1962,73.589996,Etats-Unis,Femmes,1,ğŸ‡ºğŸ‡¸
USA,1962,66.879997,Etats-Unis,Hommes,1,ğŸ‡ºğŸ‡¸
USA,1963,73.5,Etats-Unis,Femmes,1,ğŸ‡ºğŸ‡¸
USA,1963,66.629997,Etats-Unis,Hommes,1,ğŸ‡ºğŸ‡¸
USA,1964,73.809998,Etats-Unis,Femmes,1,ğŸ‡ºğŸ‡¸
USA,1964,66.82,Etats-Unis,Hommes,1,ğŸ‡ºğŸ‡¸
USA,1965,73.93,Etats-Unis,Femmes,1,ğŸ‡ºğŸ‡¸
USA,1965,66.800003,Etats-Unis,Hommes,1,ğŸ‡ºğŸ‡¸
USA,1966,73.970001,Etats-Unis,Femmes,1,ğŸ‡ºğŸ‡¸
USA,1966,66.690002,Etats-Unis,Hommes,1,ğŸ‡ºğŸ‡¸
USA,1967,74.330002,Etats-Unis,Femmes,1,ğŸ‡ºğŸ‡¸
USA,1967,66.940002,Etats-Unis,Hommes,1,ğŸ‡ºğŸ‡¸
USA,1968,74.080002,Etats-Unis,Femmes,1,ğŸ‡ºğŸ‡¸
USA,1968,66.550003,Etats-Unis,Hommes,1,ğŸ‡ºğŸ‡¸
USA,1969,74.400002,Etats-Unis,Femmes,1,ğŸ‡ºğŸ‡¸
USA,1969,66.769997,Etats-Unis,Hommes,1,ğŸ‡ºğŸ‡¸
USA,1970,74.650002,Etats-Unis,Femmes,1,ğŸ‡ºğŸ‡¸
USA,1970,67.019997,Etats-Unis,Hommes,1,ğŸ‡ºğŸ‡¸
USA,1971,74.980003,Etats-Unis,Femmes,1,ğŸ‡ºğŸ‡¸
USA,1971,67.389999,Etats-Unis,Hommes,1,ğŸ‡ºğŸ‡¸
USA,1972,75.110001,Etats-Unis,Femmes,1,ğŸ‡ºğŸ‡¸
USA,1972,67.419998,Etats-Unis,Hommes,1,ğŸ‡ºğŸ‡¸
USA,1973,75.32,Etats-Unis,Femmes,1,ğŸ‡ºğŸ‡¸
USA,1973,67.620003,Etats-Unis,Hommes,1,ğŸ‡ºğŸ‡¸
USA,1974,75.849998,Etats-Unis,Femmes,1,ğŸ‡ºğŸ‡¸
USA,1974,68.18,Etats-Unis,Hommes,1,ğŸ‡ºğŸ‡¸
USA,1975,76.459999,Etats-Unis,Femmes,1,ğŸ‡ºğŸ‡¸
USA,1975,68.720001,Etats-Unis,Hommes,1,ğŸ‡ºğŸ‡¸
USA,1976,76.68,Etats-Unis,Femmes,1,ğŸ‡ºğŸ‡¸
USA,1976,69.080002,Etats-Unis,Hommes,1,ğŸ‡ºğŸ‡¸
USA,1977,77.089996,Etats-Unis,Femmes,1,ğŸ‡ºğŸ‡¸
USA,1977,69.410004,Etats-Unis,Hommes,1,ğŸ‡ºğŸ‡¸
USA,1978,77.230003,Etats-Unis,Femmes,1,ğŸ‡ºğŸ‡¸
USA,1978,69.620003,Etats-Unis,Hommes,1,ğŸ‡ºğŸ‡¸
USA,1979,77.660004,Etats-Unis,Femmes,1,ğŸ‡ºğŸ‡¸
USA,1979,70.010002,Etats-Unis,Hommes,1,ğŸ‡ºğŸ‡¸
USA,1980,77.480003,Etats-Unis,Femmes,1,ğŸ‡ºğŸ‡¸
USA,1980,69.980003,Etats-Unis,Hommes,1,ğŸ‡ºğŸ‡¸
USA,1981,77.800003,Etats-Unis,Femmes,1,ğŸ‡ºğŸ‡¸
USA,1981,70.410004,Etats-Unis,Hommes,1,ğŸ‡ºğŸ‡¸
USA,1982,78.080002,Etats-Unis,Femmes,1,ğŸ‡ºğŸ‡¸
USA,1982,70.800003,Etats-Unis,Hommes,1,ğŸ‡ºğŸ‡¸
USA,1983,78.089996,Etats-Unis,Femmes,1,ğŸ‡ºğŸ‡¸
USA,1983,70.970001,Etats-Unis,Hommes,1,ğŸ‡ºğŸ‡¸
USA,1984,78.169998,Etats-Unis,Femmes,1,ğŸ‡ºğŸ‡¸
USA,1984,71.120003,Etats-Unis,Hommes,1,ğŸ‡ºğŸ‡¸
USA,1985,78.18,Etats-Unis,Femmes,1,ğŸ‡ºğŸ‡¸
USA,1985,71.080002,Etats-Unis,Hommes,1,ğŸ‡ºğŸ‡¸
USA,1986,78.269997,Etats-Unis,Femmes,1,ğŸ‡ºğŸ‡¸
USA,1986,71.139999,Etats-Unis,Hommes,1,ğŸ‡ºğŸ‡¸
USA,1987,78.360001,Etats-Unis,Femmes,1,ğŸ‡ºğŸ‡¸
USA,1987,71.309998,Etats-Unis,Hommes,1,ğŸ‡ºğŸ‡¸
USA,1988,78.309998,Etats-Unis,Femmes,1,ğŸ‡ºğŸ‡¸
USA,1988,71.32,Etats-Unis,Hommes,1,ğŸ‡ºğŸ‡¸
USA,1989,78.559998,Etats-Unis,Femmes,1,ğŸ‡ºğŸ‡¸
USA,1989,71.599998,Etats-Unis,Hommes,1,ğŸ‡ºğŸ‡¸
USA,1990,78.849998,Etats-Unis,Femmes,1,ğŸ‡ºğŸ‡¸
USA,1990,71.849998,Etats-Unis,Hommes,1,ğŸ‡ºğŸ‡¸
USA,1991,78.970001,Etats-Unis,Femmes,1,ğŸ‡ºğŸ‡¸
USA,1991,72.029999,Etats-Unis,Hommes,1,ğŸ‡ºğŸ‡¸
USA,1992,79.18,Etats-Unis,Femmes,1,ğŸ‡ºğŸ‡¸
USA,1992,72.32,Etats-Unis,Hommes,1,ğŸ‡ºğŸ‡¸
USA,1993,78.940002,Etats-Unis,Femmes,1,ğŸ‡ºğŸ‡¸
USA,1993,72.169998,Etats-Unis,Hommes,1,ğŸ‡ºğŸ‡¸
USA,1994,79.059998,Etats-Unis,Femmes,1,ğŸ‡ºğŸ‡¸
USA,1994,72.389999,Etats-Unis,Hommes,1,ğŸ‡ºğŸ‡¸
USA,1995,79.080002,Etats-Unis,Femmes,1,ğŸ‡ºğŸ‡¸
USA,1995,72.589996,Etats-Unis,Hommes,1,ğŸ‡ºğŸ‡¸
USA,1996,79.220001,Etats-Unis,Femmes,1,ğŸ‡ºğŸ‡¸
USA,1996,73.07,Etats-Unis,Hommes,1,ğŸ‡ºğŸ‡¸
USA,1997,79.379997,Etats-Unis,Femmes,1,ğŸ‡ºğŸ‡¸
USA,1997,73.540001,Etats-Unis,Hommes,1,ğŸ‡ºğŸ‡¸
USA,1998,79.43,Etats-Unis,Femmes,1,ğŸ‡ºğŸ‡¸
USA,1998,73.809998,Etats-Unis,Hommes,1,ğŸ‡ºğŸ‡¸
USA,1999,79.349998,Etats-Unis,Femmes,1,ğŸ‡ºğŸ‡¸
USA,1999,73.919998,Etats-Unis,Hommes,1,ğŸ‡ºğŸ‡¸
USA,2000,79.43,Etats-Unis,Femmes,1,ğŸ‡ºğŸ‡¸
USA,2000,74.120003,Etats-Unis,Hommes,1,ğŸ‡ºğŸ‡¸
USA,2001,79.519997,Etats-Unis,Femmes,1,ğŸ‡ºğŸ‡¸
USA,2001,74.269997,Etats-Unis,Hommes,1,ğŸ‡ºğŸ‡¸
USA,2002,79.580002,Etats-Unis,Femmes,1,ğŸ‡ºğŸ‡¸
USA,2002,74.349998,Etats-Unis,Hommes,1,ğŸ‡ºğŸ‡¸
USA,2003,79.699997,Etats-Unis,Femmes,1,ğŸ‡ºğŸ‡¸
USA,2003,74.529999,Etats-Unis,Hommes,1,ğŸ‡ºğŸ‡¸
USA,2004,80.059998,Etats-Unis,Femmes,1,ğŸ‡ºğŸ‡¸
USA,2004,74.959999,Etats-Unis,Hommes,1,ğŸ‡ºğŸ‡¸
USA,2005,80.07,Etats-Unis,Femmes,1,ğŸ‡ºğŸ‡¸
USA,2005,74.949997,Etats-Unis,Hommes,1,ğŸ‡ºğŸ‡¸
USA,2006,80.330002,Etats-Unis,Femmes,1,ğŸ‡ºğŸ‡¸
USA,2006,75.230003,Etats-Unis,Hommes,1,ğŸ‡ºğŸ‡¸
USA,2007,80.559998,Etats-Unis,Femmes,1,ğŸ‡ºğŸ‡¸
USA,2007,75.510002,Etats-Unis,Hommes,1,ğŸ‡ºğŸ‡¸
USA,2008,80.589996,Etats-Unis,Femmes,1,ğŸ‡ºğŸ‡¸
USA,2008,75.639999,Etats-Unis,Hommes,1,ğŸ‡ºğŸ‡¸
USA,2009,80.910004,Etats-Unis,Femmes,1,ğŸ‡ºğŸ‡¸
USA,2009,76.010002,Etats-Unis,Hommes,1,ğŸ‡ºğŸ‡¸
USA,2010,81.07,Etats-Unis,Femmes,1,ğŸ‡ºğŸ‡¸
USA,2010,76.239998,Etats-Unis,Hommes,1,ğŸ‡ºğŸ‡¸
USA,2011,81.080002,Etats-Unis,Femmes,1,ğŸ‡ºğŸ‡¸
USA,2011,76.32,Etats-Unis,Hommes,1,ğŸ‡ºğŸ‡¸
USA,2012,81.190002,Etats-Unis,Femmes,1,ğŸ‡ºğŸ‡¸
USA,2012,76.440002,Etats-Unis,Hommes,1,ğŸ‡ºğŸ‡¸
USA,2013,81.190002,Etats-Unis,Femmes,1,ğŸ‡ºğŸ‡¸
USA,2013,76.440002,Etats-Unis,Hommes,1,ğŸ‡ºğŸ‡¸
USA,2014,81.269997,Etats-Unis,Femmes,1,ğŸ‡ºğŸ‡¸
USA,2014,76.489998,Etats-Unis,Hommes,1,ğŸ‡ºğŸ‡¸
USA,2015,81.139999,Etats-Unis,Femmes,1,ğŸ‡ºğŸ‡¸
USA,2015,76.330002,Etats-Unis,Hommes,1,ğŸ‡ºğŸ‡¸
USA,2016,81.18,Etats-Unis,Femmes,1,ğŸ‡ºğŸ‡¸
USA,2016,76.230003,Etats-Unis,Hommes,1,ğŸ‡ºğŸ‡¸
USA,2017,81.18,Etats-Unis,Femmes,1,ğŸ‡ºğŸ‡¸
USA,2017,76.18,Etats-Unis,Hommes,1,ğŸ‡ºğŸ‡¸
USA,2018,81.339996,Etats-Unis,Femmes,1,ğŸ‡ºğŸ‡¸
USA,2018,76.330002,Etats-Unis,Hommes,1,ğŸ‡ºğŸ‡¸
USA,2019,81.480003,Etats-Unis,Femmes,1,ğŸ‡ºğŸ‡¸
USA,2019,76.459999,Etats-Unis,Hommes,1,ğŸ‡ºğŸ‡¸
USA,2020,79.900002,Etats-Unis,Femmes,1,ğŸ‡ºğŸ‡¸
USA,2020,74.360001,Etats-Unis,Hommes,1,ğŸ‡ºğŸ‡¸
USA,2021,79.419998,Etats-Unis,Femmes,1,ğŸ‡ºğŸ‡¸
USA,2021,73.650002,Etats-Unis,Hommes,1,ğŸ‡ºğŸ‡¸
USA,2022,80.300003,Etats-Unis,Femmes,1,ğŸ‡ºğŸ‡¸
USA,2022,74.919998,Etats-Unis,Hommes,1,ğŸ‡ºğŸ‡¸
USA,2023,81.199997,Etats-Unis,Femmes,1,ğŸ‡ºğŸ‡¸
USA,2023,75.989998,Etats-Unis,Hommes,1,ğŸ‡ºğŸ‡¸
DEUTNP,1990,78.419998,Allemagne,Femmes,2,ğŸ‡©ğŸ‡ª
DEUTNP,1990,71.910004,Allemagne,Hommes,2,ğŸ‡©ğŸ‡ª
DEUTNP,1991,78.690002,Allemagne,Femmes,2,ğŸ‡©ğŸ‡ª
DEUTNP,1991,72.089996,Allemagne,Hommes,2,ğŸ‡©ğŸ‡ª
DEUTNP,1992,79.139999,Allemagne,Femmes,2,ğŸ‡©ğŸ‡ª
DEUTNP,1992,72.529999,Allemagne,Hommes,2,ğŸ‡©ğŸ‡ª
DEUTNP,1993,79.209999,Allemagne,Femmes,2,ğŸ‡©ğŸ‡ª
DEUTNP,1993,72.629997,Allemagne,Hommes,2,ğŸ‡©ğŸ‡ª
DEUTNP,1994,79.510002,Allemagne,Femmes,2,ğŸ‡©ğŸ‡ª
DEUTNP,1994,72.949997,Allemagne,Hommes,2,ğŸ‡©ğŸ‡ª
DEUTNP,1995,79.690002,Allemagne,Femmes,2,ğŸ‡©ğŸ‡ª
DEUTNP,1995,73.120003,Allemagne,Hommes,2,ğŸ‡©ğŸ‡ª
DEUTNP,1996,79.860001,Allemagne,Femmes,2,ğŸ‡©ğŸ‡ª
DEUTNP,1996,73.419998,Allemagne,Hommes,2,ğŸ‡©ğŸ‡ª
DEUTNP,1997,80.269997,Allemagne,Femmes,2,ğŸ‡©ğŸ‡ª
DEUTNP,1997,73.879997,Allemagne,Hommes,2,ğŸ‡©ğŸ‡ª
DEUTNP,1998,80.540001,Allemagne,Femmes,2,ğŸ‡©ğŸ‡ª
DEUTNP,1998,74.32,Allemagne,Hommes,2,ğŸ‡©ğŸ‡ª
DEUTNP,1999,80.75,Allemagne,Femmes,2,ğŸ‡©ğŸ‡ª
DEUTNP,1999,74.580002,Allemagne,Hommes,2,ğŸ‡©ğŸ‡ª
DEUTNP,2000,80.989998,Allemagne,Femmes,2,ğŸ‡©ğŸ‡ª
DEUTNP,2000,74.860001,Allemagne,Hommes,2,ğŸ‡©ğŸ‡ª
DEUTNP,2001,81.269997,Allemagne,Femmes,2,ğŸ‡©ğŸ‡ª
DEUTNP,2001,75.279999,Allemagne,Hommes,2,ğŸ‡©ğŸ‡ª
DEUTNP,2002,81.279999,Allemagne,Femmes,2,ğŸ‡©ğŸ‡ª
DEUTNP,2002,75.440002,Allemagne,Hommes,2,ğŸ‡©ğŸ‡ª
DEUTNP,2003,81.370003,Allemagne,Femmes,2,ğŸ‡©ğŸ‡ª
DEUTNP,2003,75.510002,Allemagne,Hommes,2,ğŸ‡©ğŸ‡ª
DEUTNP,2004,81.889999,Allemagne,Femmes,2,ğŸ‡©ğŸ‡ª
DEUTNP,2004,76.150002,Allemagne,Hommes,2,ğŸ‡©ğŸ‡ª
DEUTNP,2005,81.959999,Allemagne,Femmes,2,ğŸ‡©ğŸ‡ª
DEUTNP,2005,76.360001,Allemagne,Hommes,2,ğŸ‡©ğŸ‡ª
DEUTNP,2006,82.239998,Allemagne,Femmes,2,ğŸ‡©ğŸ‡ª
DEUTNP,2006,76.75,Allemagne,Hommes,2,ğŸ‡©ğŸ‡ª
DEUTNP,2007,82.400002,Allemagne,Femmes,2,ğŸ‡©ğŸ‡ª
DEUTNP,2007,76.910004,Allemagne,Hommes,2,ğŸ‡©ğŸ‡ª
DEUTNP,2008,82.389999,Allemagne,Femmes,2,ğŸ‡©ğŸ‡ª
DEUTNP,2008,77.099998,Allemagne,Hommes,2,ğŸ‡©ğŸ‡ª
DEUTNP,2009,82.480003,Allemagne,Femmes,2,ğŸ‡©ğŸ‡ª
DEUTNP,2009,77.230003,Allemagne,Hommes,2,ğŸ‡©ğŸ‡ª
DEUTNP,2010,82.620003,Allemagne,Femmes,2,ğŸ‡©ğŸ‡ª
DEUTNP,2010,77.43,Allemagne,Hommes,2,ğŸ‡©ğŸ‡ª
DEUTNP,2011,82.82,Allemagne,Femmes,2,ğŸ‡©ğŸ‡ª
DEUTNP,2011,77.769997,Allemagne,Hommes,2,ğŸ‡©ğŸ‡ª
DEUTNP,2012,82.940002,Allemagne,Femmes,2,ğŸ‡©ğŸ‡ª
DEUTNP,2012,77.959999,Allemagne,Hommes,2,ğŸ‡©ğŸ‡ª
DEUTNP,2013,82.860001,Allemagne,Femmes,2,ğŸ‡©ğŸ‡ª
DEUTNP,2013,77.980003,Allemagne,Hommes,2,ğŸ‡©ğŸ‡ª
DEUTNP,2014,83.330002,Allemagne,Femmes,2,ğŸ‡©ğŸ‡ª
DEUTNP,2014,78.43,Allemagne,Hommes,2,ğŸ‡©ğŸ‡ª
DEUTNP,2015,82.970001,Allemagne,Femmes,2,ğŸ‡©ğŸ‡ª
DEUTNP,2015,78.129997,Allemagne,Hommes,2,ğŸ‡©ğŸ‡ª
DEUTNP,2016,83.260002,Allemagne,Femmes,2,ğŸ‡©ğŸ‡ª
DEUTNP,2016,78.379997,Allemagne,Hommes,2,ğŸ‡©ğŸ‡ª
DEUTNP,2017,83.290001,Allemagne,Femmes,2,ğŸ‡©ğŸ‡ª
DEUTNP,2017,78.559998,Allemagne,Hommes,2,ğŸ‡©ğŸ‡ª
DEUTNP,2018,83.230003,Allemagne,Femmes,2,ğŸ‡©ğŸ‡ª
DEUTNP,2018,78.510002,Allemagne,Hommes,2,ğŸ‡©ğŸ‡ª
DEUTNP,2019,83.540001,Allemagne,Femmes,2,ğŸ‡©ğŸ‡ª
DEUTNP,2019,78.830002,Allemagne,Hommes,2,ğŸ‡©ğŸ‡ª
DEUTNP,2020,83.43,Allemagne,Femmes,2,ğŸ‡©ğŸ‡ª
DEUTNP,2020,78.599998,Allemagne,Hommes,2,ğŸ‡©ğŸ‡ª
ESP,1950,64.160004,Espagne,Femmes,4,ğŸ‡ªğŸ‡¸
ESP,1950,59.290001,Espagne,Hommes,4,ğŸ‡ªğŸ‡¸
ESP,1951,63.830002,Espagne,Femmes,4,ğŸ‡ªğŸ‡¸
ESP,1951,59.099998,Espagne,Hommes,4,ğŸ‡ªğŸ‡¸
ESP,1952,67.029999,Espagne,Femmes,4,ğŸ‡ªğŸ‡¸
ESP,1952,62.549999,Espagne,Hommes,4,ğŸ‡ªğŸ‡¸
ESP,1953,67.900002,Espagne,Femmes,4,ğŸ‡ªğŸ‡¸
ESP,1953,63.490002,Espagne,Hommes,4,ğŸ‡ªğŸ‡¸
ESP,1954,69.080002,Espagne,Femmes,4,ğŸ‡ªğŸ‡¸
ESP,1954,64.639999,Espagne,Hommes,4,ğŸ‡ªğŸ‡¸
ESP,1955,68.949997,Espagne,Femmes,4,ğŸ‡ªğŸ‡¸
ESP,1955,64.379997,Espagne,Hommes,4,ğŸ‡ªğŸ‡¸
ESP,1956,69.029999,Espagne,Femmes,4,ğŸ‡ªğŸ‡¸
ESP,1956,64.389999,Espagne,Hommes,4,ğŸ‡ªğŸ‡¸
ESP,1957,68.900002,Espagne,Femmes,4,ğŸ‡ªğŸ‡¸
ESP,1957,64.160004,Espagne,Hommes,4,ğŸ‡ªğŸ‡¸
ESP,1958,71.07,Espagne,Femmes,4,ğŸ‡ªğŸ‡¸
ESP,1958,66.400002,Espagne,Hommes,4,ğŸ‡ªğŸ‡¸
ESP,1959,71.080002,Espagne,Femmes,4,ğŸ‡ªğŸ‡¸
ESP,1959,66.239998,Espagne,Hommes,4,ğŸ‡ªğŸ‡¸
ESP,1960,71.660004,Espagne,Femmes,4,ğŸ‡ªğŸ‡¸
ESP,1960,66.669998,Espagne,Hommes,4,ğŸ‡ªğŸ‡¸
ESP,1961,71.959999,Espagne,Femmes,4,ğŸ‡ªğŸ‡¸
ESP,1961,67.080002,Espagne,Hommes,4,ğŸ‡ªğŸ‡¸
ESP,1962,72.07,Espagne,Femmes,4,ğŸ‡ªğŸ‡¸
ESP,1962,67.080002,Espagne,Hommes,4,ğŸ‡ªğŸ‡¸
ESP,1963,72.360001,Espagne,Femmes,4,ğŸ‡ªğŸ‡¸
ESP,1963,67.120003,Espagne,Hommes,4,ğŸ‡ªğŸ‡¸
ESP,1964,73.129997,Espagne,Femmes,4,ğŸ‡ªğŸ‡¸
ESP,1964,67.779999,Espagne,Hommes,4,ğŸ‡ªğŸ‡¸
ESP,1965,73.559998,Espagne,Femmes,4,ğŸ‡ªğŸ‡¸
ESP,1965,68.169998,Espagne,Hommes,4,ğŸ‡ªğŸ‡¸
ESP,1966,73.779999,Espagne,Femmes,4,ğŸ‡ªğŸ‡¸
ESP,1966,68.459999,Espagne,Hommes,4,ğŸ‡ªğŸ‡¸
ESP,1967,74.059998,Espagne,Femmes,4,ğŸ‡ªğŸ‡¸
ESP,1967,68.57,Espagne,Hommes,4,ğŸ‡ªğŸ‡¸
ESP,1968,74.370003,Espagne,Femmes,4,ğŸ‡ªğŸ‡¸
ESP,1968,68.870003,Espagne,Hommes,4,ğŸ‡ªğŸ‡¸
ESP,1969,73.879997,Espagne,Femmes,4,ğŸ‡ªğŸ‡¸
ESP,1969,68.339996,Espagne,Hommes,4,ğŸ‡ªğŸ‡¸
ESP,1970,74.870003,Espagne,Femmes,4,ğŸ‡ªğŸ‡¸
ESP,1970,69.32,Espagne,Hommes,4,ğŸ‡ªğŸ‡¸
ESP,1971,74.559998,Espagne,Femmes,4,ğŸ‡ªğŸ‡¸
ESP,1971,68.839996,Espagne,Hommes,4,ğŸ‡ªğŸ‡¸
ESP,1972,75.639999,Espagne,Femmes,4,ğŸ‡ªğŸ‡¸
ESP,1972,70.150002,Espagne,Hommes,4,ğŸ‡ªğŸ‡¸
ESP,1973,75.519997,Espagne,Femmes,4,ğŸ‡ªğŸ‡¸
ESP,1973,69.849998,Espagne,Hommes,4,ğŸ‡ªğŸ‡¸
ESP,1974,75.93,Espagne,Femmes,4,ğŸ‡ªğŸ‡¸
ESP,1974,70.169998,Espagne,Hommes,4,ğŸ‡ªğŸ‡¸
ESP,1975,76.349998,Espagne,Femmes,4,ğŸ‡ªğŸ‡¸
ESP,1975,70.540001,Espagne,Hommes,4,ğŸ‡ªğŸ‡¸
ESP,1976,76.709999,Espagne,Femmes,4,ğŸ‡ªğŸ‡¸
ESP,1976,70.809998,Espagne,Hommes,4,ğŸ‡ªğŸ‡¸
ESP,1977,77.230003,Espagne,Femmes,4,ğŸ‡ªğŸ‡¸
ESP,1977,71.279999,Espagne,Hommes,4,ğŸ‡ªğŸ‡¸
ESP,1978,77.480003,Espagne,Femmes,4,ğŸ‡ªğŸ‡¸
ESP,1978,71.419998,Espagne,Hommes,4,ğŸ‡ªğŸ‡¸
ESP,1979,78.050003,Espagne,Femmes,4,ğŸ‡ªğŸ‡¸
ESP,1979,71.839996,Espagne,Hommes,4,ğŸ‡ªğŸ‡¸
ESP,1980,78.550003,Espagne,Femmes,4,ğŸ‡ªğŸ‡¸
ESP,1980,72.389999,Espagne,Hommes,4,ğŸ‡ªğŸ‡¸
ESP,1981,78.769997,Espagne,Femmes,4,ğŸ‡ªğŸ‡¸
ESP,1981,72.529999,Espagne,Hommes,4,ğŸ‡ªğŸ‡¸
ESP,1982,79.349998,Espagne,Femmes,4,ğŸ‡ªğŸ‡¸
ESP,1982,73.169998,Espagne,Hommes,4,ğŸ‡ªğŸ‡¸
ESP,1983,79.129997,Espagne,Femmes,4,ğŸ‡ªğŸ‡¸
ESP,1983,72.959999,Espagne,Hommes,4,ğŸ‡ªğŸ‡¸
ESP,1984,79.68,Espagne,Femmes,4,ğŸ‡ªğŸ‡¸
ESP,1984,73.199997,Espagne,Hommes,4,ğŸ‡ªğŸ‡¸
ESP,1985,79.660004,Espagne,Femmes,4,ğŸ‡ªğŸ‡¸
ESP,1985,73.099998,Espagne,Hommes,4,ğŸ‡ªğŸ‡¸
ESP,1986,79.889999,Espagne,Femmes,4,ğŸ‡ªğŸ‡¸
ESP,1986,73.440002,Espagne,Hommes,4,ğŸ‡ªğŸ‡¸
ESP,1987,80.239998,Espagne,Femmes,4,ğŸ‡ªğŸ‡¸
ESP,1987,73.610001,Espagne,Hommes,4,ğŸ‡ªğŸ‡¸
ESP,1988,80.290001,Espagne,Femmes,4,ğŸ‡ªğŸ‡¸
ESP,1988,73.559998,Espagne,Hommes,4,ğŸ‡ªğŸ‡¸
ESP,1989,80.5,Espagne,Femmes,4,ğŸ‡ªğŸ‡¸
ESP,1989,73.470001,Espagne,Hommes,4,ğŸ‡ªğŸ‡¸
ESP,1990,80.559998,Espagne,Femmes,4,ğŸ‡ªğŸ‡¸
ESP,1990,73.43,Espagne,Hommes,4,ğŸ‡ªğŸ‡¸
ESP,1991,80.75,Espagne,Femmes,4,ğŸ‡ªğŸ‡¸
ESP,1991,73.510002,Espagne,Hommes,4,ğŸ‡ªğŸ‡¸
ESP,1992,81.260002,Espagne,Femmes,4,ğŸ‡ªğŸ‡¸
ESP,1992,73.910004,Espagne,Hommes,4,ğŸ‡ªğŸ‡¸
ESP,1993,81.339996,Espagne,Femmes,4,ğŸ‡ªğŸ‡¸
ESP,1993,74.110001,Espagne,Hommes,4,ğŸ‡ªğŸ‡¸
ESP,1994,81.720001,Espagne,Femmes,4,ğŸ‡ªğŸ‡¸
ESP,1994,74.5,Espagne,Hommes,4,ğŸ‡ªğŸ‡¸
ESP,1995,81.839996,Espagne,Femmes,4,ğŸ‡ªğŸ‡¸
ESP,1995,74.559998,Espagne,Hommes,4,ğŸ‡ªğŸ‡¸
ESP,1996,82,Espagne,Femmes,4,ğŸ‡ªğŸ‡¸
ESP,1996,74.690002,Espagne,Hommes,4,ğŸ‡ªğŸ‡¸
ESP,1997,82.349998,Espagne,Femmes,4,ğŸ‡ªğŸ‡¸
ESP,1997,75.330002,Espagne,Hommes,4,ğŸ‡ªğŸ‡¸
ESP,1998,82.419998,Espagne,Femmes,4,ğŸ‡ªğŸ‡¸
ESP,1998,75.449997,Espagne,Hommes,4,ğŸ‡ªğŸ‡¸
ESP,1999,82.43,Espagne,Femmes,4,ğŸ‡ªğŸ‡¸
ESP,1999,75.459999,Espagne,Hommes,4,ğŸ‡ªğŸ‡¸
ESP,2000,82.849998,Espagne,Femmes,4,ğŸ‡ªğŸ‡¸
ESP,2000,75.970001,Espagne,Hommes,4,ğŸ‡ªğŸ‡¸
ESP,2001,83.160004,Espagne,Femmes,4,ğŸ‡ªğŸ‡¸
ESP,2001,76.290001,Espagne,Hommes,4,ğŸ‡ªğŸ‡¸
ESP,2002,83.239998,Espagne,Femmes,4,ğŸ‡ªğŸ‡¸
ESP,2002,76.389999,Espagne,Hommes,4,ğŸ‡ªğŸ‡¸
ESP,2003,83.07,Espagne,Femmes,4,ğŸ‡ªğŸ‡¸
ESP,2003,76.419998,Espagne,Hommes,4,ğŸ‡ªğŸ‡¸
ESP,2004,83.650002,Espagne,Femmes,4,ğŸ‡ªğŸ‡¸
ESP,2004,76.980003,Espagne,Hommes,4,ğŸ‡ªğŸ‡¸
ESP,2005,83.610001,Espagne,Femmes,4,ğŸ‡ªğŸ‡¸
ESP,2005,77.019997,Espagne,Hommes,4,ğŸ‡ªğŸ‡¸
ESP,2006,84.199997,Espagne,Femmes,4,ğŸ‡ªğŸ‡¸
ESP,2006,77.690002,Espagne,Hommes,4,ğŸ‡ªğŸ‡¸
ESP,2007,84.160004,Espagne,Femmes,4,ğŸ‡ªğŸ‡¸
ESP,2007,77.75,Espagne,Hommes,4,ğŸ‡ªğŸ‡¸
ESP,2008,84.339996,Espagne,Femmes,4,ğŸ‡ªğŸ‡¸
ESP,2008,78.18,Espagne,Hommes,4,ğŸ‡ªğŸ‡¸
ESP,2009,84.639999,Espagne,Femmes,4,ğŸ‡ªğŸ‡¸
ESP,2009,78.57,Espagne,Hommes,4,ğŸ‡ªğŸ‡¸
ESP,2010,84.989998,Espagne,Femmes,4,ğŸ‡ªğŸ‡¸
ESP,2010,78.970001,Espagne,Hommes,4,ğŸ‡ªğŸ‡¸
ESP,2011,85.080002,Espagne,Femmes,4,ğŸ‡ªğŸ‡¸
ESP,2011,79.220001,Espagne,Hommes,4,ğŸ‡ªğŸ‡¸
ESP,2012,85.050003,Espagne,Femmes,4,ğŸ‡ªğŸ‡¸
ESP,2012,79.279999,Espagne,Hommes,4,ğŸ‡ªğŸ‡¸
ESP,2013,85.480003,Espagne,Femmes,4,ğŸ‡ªğŸ‡¸
ESP,2013,79.82,Espagne,Hommes,4,ğŸ‡ªğŸ‡¸
ESP,2014,85.580002,Espagne,Femmes,4,ğŸ‡ªğŸ‡¸
ESP,2014,80,Espagne,Hommes,4,ğŸ‡ªğŸ‡¸
ESP,2015,85.349998,Espagne,Femmes,4,ğŸ‡ªğŸ‡¸
ESP,2015,79.809998,Espagne,Hommes,4,ğŸ‡ªğŸ‡¸
ESP,2016,85.760002,Espagne,Femmes,4,ğŸ‡ªğŸ‡¸
ESP,2016,80.169998,Espagne,Hommes,4,ğŸ‡ªğŸ‡¸
ESP,2017,85.660004,Espagne,Femmes,4,ğŸ‡ªğŸ‡¸
ESP,2017,80.239998,Espagne,Hommes,4,ğŸ‡ªğŸ‡¸
ESP,2018,85.790001,Espagne,Femmes,4,ğŸ‡ªğŸ‡¸
ESP,2018,80.339996,Espagne,Hommes,4,ğŸ‡ªğŸ‡¸
ESP,2019,86.160004,Espagne,Femmes,4,ğŸ‡ªğŸ‡¸
ESP,2019,80.730003,Espagne,Hommes,4,ğŸ‡ªğŸ‡¸
ESP,2020,85.010002,Espagne,Femmes,4,ğŸ‡ªğŸ‡¸
ESP,2020,79.470001,Espagne,Hommes,4,ğŸ‡ªğŸ‡¸
ESP,2021,85.790001,Espagne,Femmes,4,ğŸ‡ªğŸ‡¸
ESP,2021,80.150002,Espagne,Hommes,4,ğŸ‡ªğŸ‡¸
ESP,2022,85.709999,Espagne,Femmes,4,ğŸ‡ªğŸ‡¸
ESP,2022,80.32,Espagne,Hommes,4,ğŸ‡ªğŸ‡¸
ESP,2023,86.330002,Espagne,Femmes,4,ğŸ‡ªğŸ‡¸
ESP,2023,81.07,Espagne,Hommes,4,ğŸ‡ªğŸ‡¸
GBR_NP,1950,70.919998,Royaume-Uni,Femmes,5,ğŸ‡¬ğŸ‡§
GBR_NP,1950,66.239998,Royaume-Uni,Hommes,5,ğŸ‡¬ğŸ‡§
GBR_NP,1951,70.68,Royaume-Uni,Femmes,5,ğŸ‡¬ğŸ‡§
GBR_NP,1951,65.709999,Royaume-Uni,Hommes,5,ğŸ‡¬ğŸ‡§
GBR_NP,1952,72.110001,Royaume-Uni,Femmes,5,ğŸ‡¬ğŸ‡§
GBR_NP,1952,66.830002,Royaume-Uni,Hommes,5,ğŸ‡¬ğŸ‡§
GBR_NP,1953,72.360001,Royaume-Uni,Femmes,5,ğŸ‡¬ğŸ‡§
GBR_NP,1953,67.120003,Royaume-Uni,Hommes,5,ğŸ‡¬ğŸ‡§
GBR_NP,1954,72.809998,Royaume-Uni,Femmes,5,ğŸ‡¬ğŸ‡§
GBR_NP,1954,67.410004,Royaume-Uni,Hommes,5,ğŸ‡¬ğŸ‡§
GBR_NP,1955,72.769997,Royaume-Uni,Femmes,5,ğŸ‡¬ğŸ‡§
GBR_NP,1955,67.370003,Royaume-Uni,Hommes,5,ğŸ‡¬ğŸ‡§
GBR_NP,1956,73.099998,Royaume-Uni,Femmes,5,ğŸ‡¬ğŸ‡§
GBR_NP,1956,67.589996,Royaume-Uni,Hommes,5,ğŸ‡¬ğŸ‡§
GBR_NP,1957,73.32,Royaume-Uni,Femmes,5,ğŸ‡¬ğŸ‡§
GBR_NP,1957,67.610001,Royaume-Uni,Hommes,5,ğŸ‡¬ğŸ‡§
GBR_NP,1958,73.489998,Royaume-Uni,Femmes,5,ğŸ‡¬ğŸ‡§
GBR_NP,1958,67.790001,Royaume-Uni,Hommes,5,ğŸ‡¬ğŸ‡§
GBR_NP,1959,73.599998,Royaume-Uni,Femmes,5,ğŸ‡¬ğŸ‡§
GBR_NP,1959,67.919998,Royaume-Uni,Hommes,5,ğŸ‡¬ğŸ‡§
GBR_NP,1960,73.879997,Royaume-Uni,Femmes,5,ğŸ‡¬ğŸ‡§
GBR_NP,1960,68.040001,Royaume-Uni,Hommes,5,ğŸ‡¬ğŸ‡§
GBR_NP,1961,73.650002,Royaume-Uni,Femmes,5,ğŸ‡¬ğŸ‡§
GBR_NP,1961,67.809998,Royaume-Uni,Hommes,5,ğŸ‡¬ğŸ‡§
GBR_NP,1962,73.790001,Royaume-Uni,Femmes,5,ğŸ‡¬ğŸ‡§
GBR_NP,1962,67.830002,Royaume-Uni,Hommes,5,ğŸ‡¬ğŸ‡§
GBR_NP,1963,73.720001,Royaume-Uni,Femmes,5,ğŸ‡¬ğŸ‡§
GBR_NP,1963,67.709999,Royaume-Uni,Hommes,5,ğŸ‡¬ğŸ‡§
GBR_NP,1964,74.559998,Royaume-Uni,Femmes,5,ğŸ‡¬ğŸ‡§
GBR_NP,1964,68.410004,Royaume-Uni,Hommes,5,ğŸ‡¬ğŸ‡§
GBR_NP,1965,74.580002,Royaume-Uni,Femmes,5,ğŸ‡¬ğŸ‡§
GBR_NP,1965,68.360001,Royaume-Uni,Hommes,5,ğŸ‡¬ğŸ‡§
GBR_NP,1966,74.5,Royaume-Uni,Femmes,5,ğŸ‡¬ğŸ‡§
GBR_NP,1966,68.279999,Royaume-Uni,Hommes,5,ğŸ‡¬ğŸ‡§
GBR_NP,1967,75.089996,Royaume-Uni,Femmes,5,ğŸ‡¬ğŸ‡§
GBR_NP,1967,68.940002,Royaume-Uni,Hommes,5,ğŸ‡¬ğŸ‡§
GBR_NP,1968,74.720001,Royaume-Uni,Femmes,5,ğŸ‡¬ğŸ‡§
GBR_NP,1968,68.559998,Royaume-Uni,Hommes,5,ğŸ‡¬ğŸ‡§
GBR_NP,1969,74.779999,Royaume-Uni,Femmes,5,ğŸ‡¬ğŸ‡§
GBR_NP,1969,68.470001,Royaume-Uni,Hommes,5,ğŸ‡¬ğŸ‡§
GBR_NP,1970,74.989998,Royaume-Uni,Femmes,5,ğŸ‡¬ğŸ‡§
GBR_NP,1970,68.690002,Royaume-Uni,Hommes,5,ğŸ‡¬ğŸ‡§
GBR_NP,1971,75.330002,Royaume-Uni,Femmes,5,ğŸ‡¬ğŸ‡§
GBR_NP,1971,69.050003,Royaume-Uni,Hommes,5,ğŸ‡¬ğŸ‡§
GBR_NP,1972,75.07,Royaume-Uni,Femmes,5,ğŸ‡¬ğŸ‡§
GBR_NP,1972,68.839996,Royaume-Uni,Hommes,5,ğŸ‡¬ğŸ‡§
GBR_NP,1973,75.279999,Royaume-Uni,Femmes,5,ğŸ‡¬ğŸ‡§
GBR_NP,1973,69.010002,Royaume-Uni,Hommes,5,ğŸ‡¬ğŸ‡§
GBR_NP,1974,75.449997,Royaume-Uni,Femmes,5,ğŸ‡¬ğŸ‡§
GBR_NP,1974,69.220001,Royaume-Uni,Hommes,5,ğŸ‡¬ğŸ‡§
GBR_NP,1975,75.709999,Royaume-Uni,Femmes,5,ğŸ‡¬ğŸ‡§
GBR_NP,1975,69.510002,Royaume-Uni,Hommes,5,ğŸ‡¬ğŸ‡§
GBR_NP,1976,75.68,Royaume-Uni,Femmes,5,ğŸ‡¬ğŸ‡§
GBR_NP,1976,69.529999,Royaume-Uni,Hommes,5,ğŸ‡¬ğŸ‡§
GBR_NP,1977,76.139999,Royaume-Uni,Femmes,5,ğŸ‡¬ğŸ‡§
GBR_NP,1977,70,Royaume-Uni,Hommes,5,ğŸ‡¬ğŸ‡§
GBR_NP,1978,76.07,Royaume-Uni,Femmes,5,ğŸ‡¬ğŸ‡§
GBR_NP,1978,69.940002,Royaume-Uni,Hommes,5,ğŸ‡¬ğŸ‡§
GBR_NP,1979,76.190002,Royaume-Uni,Femmes,5,ğŸ‡¬ğŸ‡§
GBR_NP,1979,70.059998,Royaume-Uni,Hommes,5,ğŸ‡¬ğŸ‡§
GBR_NP,1980,76.57,Royaume-Uni,Femmes,5,ğŸ‡¬ğŸ‡§
GBR_NP,1980,70.510002,Royaume-Uni,Hommes,5,ğŸ‡¬ğŸ‡§
GBR_NP,1981,76.879997,Royaume-Uni,Femmes,5,ğŸ‡¬ğŸ‡§
GBR_NP,1981,70.849998,Royaume-Uni,Hommes,5,ğŸ‡¬ğŸ‡§
GBR_NP,1982,76.940002,Royaume-Uni,Femmes,5,ğŸ‡¬ğŸ‡§
GBR_NP,1982,71.029999,Royaume-Uni,Hommes,5,ğŸ‡¬ğŸ‡§
GBR_NP,1983,77.220001,Royaume-Uni,Femmes,5,ğŸ‡¬ğŸ‡§
GBR_NP,1983,71.269997,Royaume-Uni,Hommes,5,ğŸ‡¬ğŸ‡§
GBR_NP,1984,77.550003,Royaume-Uni,Femmes,5,ğŸ‡¬ğŸ‡§
GBR_NP,1984,71.68,Royaume-Uni,Hommes,5,ğŸ‡¬ğŸ‡§
GBR_NP,1985,77.360001,Royaume-Uni,Femmes,5,ğŸ‡¬ğŸ‡§
GBR_NP,1985,71.610001,Royaume-Uni,Hommes,5,ğŸ‡¬ğŸ‡§
GBR_NP,1986,77.669998,Royaume-Uni,Femmes,5,ğŸ‡¬ğŸ‡§
GBR_NP,1986,71.82,Royaume-Uni,Hommes,5,ğŸ‡¬ğŸ‡§
GBR_NP,1987,77.959999,Royaume-Uni,Femmes,5,ğŸ‡¬ğŸ‡§
GBR_NP,1987,72.209999,Royaume-Uni,Hommes,5,ğŸ‡¬ğŸ‡§
GBR_NP,1988,78.059998,Royaume-Uni,Femmes,5,ğŸ‡¬ğŸ‡§
GBR_NP,1988,72.339996,Royaume-Uni,Hommes,5,ğŸ‡¬ğŸ‡§
GBR_NP,1989,78.080002,Royaume-Uni,Femmes,5,ğŸ‡¬ğŸ‡§
GBR_NP,1989,72.580002,Royaume-Uni,Hommes,5,ğŸ‡¬ğŸ‡§
GBR_NP,1990,78.5,Royaume-Uni,Femmes,5,ğŸ‡¬ğŸ‡§
GBR_NP,1990,72.839996,Royaume-Uni,Hommes,5,ğŸ‡¬ğŸ‡§
GBR_NP,1991,78.610001,Royaume-Uni,Femmes,5,ğŸ‡¬ğŸ‡§
GBR_NP,1991,73.080002,Royaume-Uni,Hommes,5,ğŸ‡¬ğŸ‡§
GBR_NP,1992,78.959999,Royaume-Uni,Femmes,5,ğŸ‡¬ğŸ‡§
GBR_NP,1992,73.510002,Royaume-Uni,Hommes,5,ğŸ‡¬ğŸ‡§
GBR_NP,1993,78.769997,Royaume-Uni,Femmes,5,ğŸ‡¬ğŸ‡§
GBR_NP,1993,73.440002,Royaume-Uni,Hommes,5,ğŸ‡¬ğŸ‡§
GBR_NP,1994,79.309998,Royaume-Uni,Femmes,5,ğŸ‡¬ğŸ‡§
GBR_NP,1994,73.989998,Royaume-Uni,Hommes,5,ğŸ‡¬ğŸ‡§
GBR_NP,1995,79.190002,Royaume-Uni,Femmes,5,ğŸ‡¬ğŸ‡§
GBR_NP,1995,73.93,Royaume-Uni,Hommes,5,ğŸ‡¬ğŸ‡§
GBR_NP,1996,79.400002,Royaume-Uni,Femmes,5,ğŸ‡¬ğŸ‡§
GBR_NP,1996,74.220001,Royaume-Uni,Hommes,5,ğŸ‡¬ğŸ‡§
GBR_NP,1997,79.580002,Royaume-Uni,Femmes,5,ğŸ‡¬ğŸ‡§
GBR_NP,1997,74.57,Royaume-Uni,Hommes,5,ğŸ‡¬ğŸ‡§
GBR_NP,1998,79.720001,Royaume-Uni,Femmes,5,ğŸ‡¬ğŸ‡§
GBR_NP,1998,74.720001,Royaume-Uni,Hommes,5,ğŸ‡¬ğŸ‡§
GBR_NP,1999,79.760002,Royaume-Uni,Femmes,5,ğŸ‡¬ğŸ‡§
GBR_NP,1999,74.870003,Royaume-Uni,Hommes,5,ğŸ‡¬ğŸ‡§
GBR_NP,2000,80.190002,Royaume-Uni,Femmes,5,ğŸ‡¬ğŸ‡§
GBR_NP,2000,75.379997,Royaume-Uni,Hommes,5,ğŸ‡¬ğŸ‡§
GBR_NP,2001,80.419998,Royaume-Uni,Femmes,5,ğŸ‡¬ğŸ‡§
GBR_NP,2001,75.690002,Royaume-Uni,Hommes,5,ğŸ‡¬ğŸ‡§
GBR_NP,2002,80.510002,Royaume-Uni,Femmes,5,ğŸ‡¬ğŸ‡§
GBR_NP,2002,75.839996,Royaume-Uni,Hommes,5,ğŸ‡¬ğŸ‡§
GBR_NP,2003,80.489998,Royaume-Uni,Femmes,5,ğŸ‡¬ğŸ‡§
GBR_NP,2003,76.059998,Royaume-Uni,Hommes,5,ğŸ‡¬ğŸ‡§
GBR_NP,2004,81.050003,Royaume-Uni,Femmes,5,ğŸ‡¬ğŸ‡§
GBR_NP,2004,76.620003,Royaume-Uni,Hommes,5,ğŸ‡¬ğŸ‡§
GBR_NP,2005,81.190002,Royaume-Uni,Femmes,5,ğŸ‡¬ğŸ‡§
GBR_NP,2005,76.889999,Royaume-Uni,Hommes,5,ğŸ‡¬ğŸ‡§
GBR_NP,2006,81.470001,Royaume-Uni,Femmes,5,ğŸ‡¬ğŸ‡§
GBR_NP,2006,77.099998,Royaume-Uni,Hommes,5,ğŸ‡¬ğŸ‡§
GBR_NP,2007,81.610001,Royaume-Uni,Femmes,5,ğŸ‡¬ğŸ‡§
GBR_NP,2007,77.339996,Royaume-Uni,Hommes,5,ğŸ‡¬ğŸ‡§
GBR_NP,2008,81.660004,Royaume-Uni,Femmes,5,ğŸ‡¬ğŸ‡§
GBR_NP,2008,77.529999,Royaume-Uni,Hommes,5,ğŸ‡¬ğŸ‡§
GBR_NP,2009,82.18,Royaume-Uni,Femmes,5,ğŸ‡¬ğŸ‡§
GBR_NP,2009,78,Royaume-Uni,Hommes,5,ğŸ‡¬ğŸ‡§
GBR_NP,2010,82.32,Royaume-Uni,Femmes,5,ğŸ‡¬ğŸ‡§
GBR_NP,2010,78.330002,Royaume-Uni,Hommes,5,ğŸ‡¬ğŸ‡§
GBR_NP,2011,82.699997,Royaume-Uni,Femmes,5,ğŸ‡¬ğŸ‡§
GBR_NP,2011,78.75,Royaume-Uni,Hommes,5,ğŸ‡¬ğŸ‡§
GBR_NP,2012,82.639999,Royaume-Uni,Femmes,5,ğŸ‡¬ğŸ‡§
GBR_NP,2012,78.93,Royaume-Uni,Hommes,5,ğŸ‡¬ğŸ‡§
GBR_NP,2013,82.739998,Royaume-Uni,Femmes,5,ğŸ‡¬ğŸ‡§
GBR_NP,2013,78.970001,Royaume-Uni,Hommes,5,ğŸ‡¬ğŸ‡§
GBR_NP,2014,82.959999,Royaume-Uni,Femmes,5,ğŸ‡¬ğŸ‡§
GBR_NP,2014,79.209999,Royaume-Uni,Hommes,5,ğŸ‡¬ğŸ‡§
GBR_NP,2015,82.690002,Royaume-Uni,Femmes,5,ğŸ‡¬ğŸ‡§
GBR_NP,2015,79,Royaume-Uni,Hommes,5,ğŸ‡¬ğŸ‡§
GBR_NP,2016,82.830002,Royaume-Uni,Femmes,5,ğŸ‡¬ğŸ‡§
GBR_NP,2016,79.150002,Royaume-Uni,Hommes,5,ğŸ‡¬ğŸ‡§
GBR_NP,2017,82.940002,Royaume-Uni,Femmes,5,ğŸ‡¬ğŸ‡§
GBR_NP,2017,79.220001,Royaume-Uni,Hommes,5,ğŸ‡¬ğŸ‡§
GBR_NP,2018,82.889999,Royaume-Uni,Femmes,5,ğŸ‡¬ğŸ‡§
GBR_NP,2018,79.18,Royaume-Uni,Hommes,5,ğŸ‡¬ğŸ‡§
GBR_NP,2019,83.209999,Royaume-Uni,Femmes,5,ğŸ‡¬ğŸ‡§
GBR_NP,2019,79.470001,Royaume-Uni,Hommes,5,ğŸ‡¬ğŸ‡§
GBR_NP,2020,82.370003,Royaume-Uni,Femmes,5,ğŸ‡¬ğŸ‡§
GBR_NP,2020,78.300003,Royaume-Uni,Hommes,5,ğŸ‡¬ğŸ‡§
GBR_NP,2021,82.529999,Royaume-Uni,Femmes,5,ğŸ‡¬ğŸ‡§
GBR_NP,2021,78.470001,Royaume-Uni,Hommes,5,ğŸ‡¬ğŸ‡§
GBR_NP,2022,82.860001,Royaume-Uni,Femmes,5,ğŸ‡¬ğŸ‡§
GBR_NP,2022,79.019997,Royaume-Uni,Hommes,5,ğŸ‡¬ğŸ‡§
ITA,1950,67.43,Italie,Femmes,6,ğŸ‡®ğŸ‡¹
ITA,1950,63.939999,Italie,Hommes,6,ğŸ‡®ğŸ‡¹
ITA,1951,67.050003,Italie,Femmes,6,ğŸ‡®ğŸ‡¹
ITA,1951,63.52,Italie,Hommes,6,ğŸ‡®ğŸ‡¹
ITA,1952,67.690002,Italie,Femmes,6,ğŸ‡®ğŸ‡¹
ITA,1952,64.07,Italie,Hommes,6,ğŸ‡®ğŸ‡¹
ITA,1953,68.389999,Italie,Femmes,6,ğŸ‡®ğŸ‡¹
ITA,1953,64.699997,Italie,Hommes,6,ğŸ‡®ğŸ‡¹
ITA,1954,69.879997,Italie,Femmes,6,ğŸ‡®ğŸ‡¹
ITA,1954,65.779999,Italie,Hommes,6,ğŸ‡®ğŸ‡¹
ITA,1955,70.360001,Italie,Femmes,6,ğŸ‡®ğŸ‡¹
ITA,1955,66.080002,Italie,Hommes,6,ğŸ‡®ğŸ‡¹
ITA,1956,69.809998,Italie,Femmes,6,ğŸ‡®ğŸ‡¹
ITA,1956,65.419998,Italie,Hommes,6,ğŸ‡®ğŸ‡¹
ITA,1957,70.089996,Italie,Femmes,6,ğŸ‡®ğŸ‡¹
ITA,1957,65.419998,Italie,Hommes,6,ğŸ‡®ğŸ‡¹
ITA,1958,71.18,Italie,Femmes,6,ğŸ‡®ğŸ‡¹
ITA,1958,66.470001,Italie,Hommes,6,ğŸ‡®ğŸ‡¹
ITA,1959,71.639999,Italie,Femmes,6,ğŸ‡®ğŸ‡¹
ITA,1959,66.910004,Italie,Hommes,6,ğŸ‡®ğŸ‡¹
ITA,1960,71.690002,Italie,Femmes,6,ğŸ‡®ğŸ‡¹
ITA,1960,66.68,Italie,Hommes,6,ğŸ‡®ğŸ‡¹
ITA,1961,72.449997,Italie,Femmes,6,ğŸ‡®ğŸ‡¹
ITA,1961,67.139999,Italie,Hommes,6,ğŸ‡®ğŸ‡¹
ITA,1962,71.879997,Italie,Femmes,6,ğŸ‡®ğŸ‡¹
ITA,1962,66.529999,Italie,Hommes,6,ğŸ‡®ğŸ‡¹
ITA,1963,72.050003,Italie,Femmes,6,ğŸ‡®ğŸ‡¹
ITA,1963,66.550003,Italie,Hommes,6,ğŸ‡®ğŸ‡¹
ITA,1964,73.169998,Italie,Femmes,6,ğŸ‡®ğŸ‡¹
ITA,1964,67.57,Italie,Hommes,6,ğŸ‡®ğŸ‡¹
ITA,1965,73.050003,Italie,Femmes,6,ğŸ‡®ğŸ‡¹
ITA,1965,67.449997,Italie,Hommes,6,ğŸ‡®ğŸ‡¹
ITA,1966,73.809998,Italie,Femmes,6,ğŸ‡®ğŸ‡¹
ITA,1966,68.150002,Italie,Hommes,6,ğŸ‡®ğŸ‡¹
ITA,1967,73.82,Italie,Femmes,6,ğŸ‡®ğŸ‡¹
ITA,1967,68.209999,Italie,Hommes,6,ğŸ‡®ğŸ‡¹
ITA,1968,73.730003,Italie,Femmes,6,ğŸ‡®ğŸ‡¹
ITA,1968,67.989998,Italie,Hommes,6,ğŸ‡®ğŸ‡¹
ITA,1969,73.860001,Italie,Femmes,6,ğŸ‡®ğŸ‡¹
ITA,1969,67.870003,Italie,Hommes,6,ğŸ‡®ğŸ‡¹
ITA,1970,74.540001,Italie,Femmes,6,ğŸ‡®ğŸ‡¹
ITA,1970,68.699997,Italie,Hommes,6,ğŸ‡®ğŸ‡¹
ITA,1971,74.870003,Italie,Femmes,6,ğŸ‡®ğŸ‡¹
ITA,1971,68.870003,Italie,Hommes,6,ğŸ‡®ğŸ‡¹
ITA,1972,75.199997,Italie,Femmes,6,ğŸ‡®ğŸ‡¹
ITA,1972,69.080002,Italie,Hommes,6,ğŸ‡®ğŸ‡¹
ITA,1973,75.120003,Italie,Femmes,6,ğŸ‡®ğŸ‡¹
ITA,1973,69.080002,Italie,Hommes,6,ğŸ‡®ğŸ‡¹
ITA,1974,75.900002,Italie,Femmes,6,ğŸ‡®ğŸ‡¹
ITA,1974,69.690002,Italie,Hommes,6,ğŸ‡®ğŸ‡¹
ITA,1975,75.910004,Italie,Femmes,6,ğŸ‡®ğŸ‡¹
ITA,1975,69.550003,Italie,Hommes,6,ğŸ‡®ğŸ‡¹
ITA,1976,76.269997,Italie,Femmes,6,ğŸ‡®ğŸ‡¹
ITA,1976,69.860001,Italie,Hommes,6,ğŸ‡®ğŸ‡¹
ITA,1977,76.730003,Italie,Femmes,6,ğŸ‡®ğŸ‡¹
ITA,1977,70.139999,Italie,Hommes,6,ğŸ‡®ğŸ‡¹
ITA,1978,77.129997,Italie,Femmes,6,ğŸ‡®ğŸ‡¹
ITA,1978,70.419998,Italie,Hommes,6,ğŸ‡®ğŸ‡¹
ITA,1979,77.480003,Italie,Femmes,6,ğŸ‡®ğŸ‡¹
ITA,1979,70.720001,Italie,Hommes,6,ğŸ‡®ğŸ‡¹
ITA,1980,77.419998,Italie,Femmes,6,ğŸ‡®ğŸ‡¹
ITA,1980,70.669998,Italie,Hommes,6,ğŸ‡®ğŸ‡¹
ITA,1981,77.75,Italie,Femmes,6,ğŸ‡®ğŸ‡¹
ITA,1981,71.089996,Italie,Hommes,6,ğŸ‡®ğŸ‡¹
ITA,1982,78.18,Italie,Femmes,6,ğŸ‡®ğŸ‡¹
ITA,1982,71.589996,Italie,Hommes,6,ğŸ‡®ğŸ‡¹
ITA,1983,77.989998,Italie,Femmes,6,ğŸ‡®ğŸ‡¹
ITA,1983,71.440002,Italie,Hommes,6,ğŸ‡®ğŸ‡¹
ITA,1984,78.769997,Italie,Femmes,6,ğŸ‡®ğŸ‡¹
ITA,1984,72.160004,Italie,Hommes,6,ğŸ‡®ğŸ‡¹
ITA,1985,78.830002,Italie,Femmes,6,ğŸ‡®ğŸ‡¹
ITA,1985,72.309998,Italie,Hommes,6,ğŸ‡®ğŸ‡¹
ITA,1986,79.120003,Italie,Femmes,6,ğŸ‡®ğŸ‡¹
ITA,1986,72.620003,Italie,Hommes,6,ğŸ‡®ğŸ‡¹
ITA,1987,79.559998,Italie,Femmes,6,ğŸ‡®ğŸ‡¹
ITA,1987,73.019997,Italie,Hommes,6,ğŸ‡®ğŸ‡¹
ITA,1988,79.720001,Italie,Femmes,6,ğŸ‡®ğŸ‡¹
ITA,1988,73.230003,Italie,Hommes,6,ğŸ‡®ğŸ‡¹
ITA,1989,80.150002,Italie,Femmes,6,ğŸ‡®ğŸ‡¹
ITA,1989,73.589996,Italie,Hommes,6,ğŸ‡®ğŸ‡¹
ITA,1990,80.25,Italie,Femmes,6,ğŸ‡®ğŸ‡¹
ITA,1990,73.629997,Italie,Hommes,6,ğŸ‡®ğŸ‡¹
ITA,1991,80.300003,Italie,Femmes,6,ğŸ‡®ğŸ‡¹
ITA,1991,73.589996,Italie,Hommes,6,ğŸ‡®ğŸ‡¹
ITA,1992,80.660004,Italie,Femmes,6,ğŸ‡®ğŸ‡¹
ITA,1992,73.970001,Italie,Hommes,6,ğŸ‡®ğŸ‡¹
ITA,1993,80.830002,Italie,Femmes,6,ğŸ‡®ğŸ‡¹
ITA,1993,74.360001,Italie,Hommes,6,ğŸ‡®ğŸ‡¹
ITA,1994,81.07,Italie,Femmes,6,ğŸ‡®ğŸ‡¹
ITA,1994,74.559998,Italie,Hommes,6,ğŸ‡®ğŸ‡¹
ITA,1995,81.330002,Italie,Femmes,6,ğŸ‡®ğŸ‡¹
ITA,1995,74.779999,Italie,Hommes,6,ğŸ‡®ğŸ‡¹
ITA,1996,81.540001,Italie,Femmes,6,ğŸ‡®ğŸ‡¹
ITA,1996,75.18,Italie,Hommes,6,ğŸ‡®ğŸ‡¹
ITA,1997,81.779999,Italie,Femmes,6,ğŸ‡®ğŸ‡¹
ITA,1997,75.540001,Italie,Hommes,6,ğŸ‡®ğŸ‡¹
ITA,1998,81.82,Italie,Femmes,6,ğŸ‡®ğŸ‡¹
ITA,1998,75.639999,Italie,Hommes,6,ğŸ‡®ğŸ‡¹
ITA,1999,82.190002,Italie,Femmes,6,ğŸ‡®ğŸ‡¹
ITA,1999,76.059998,Italie,Hommes,6,ğŸ‡®ğŸ‡¹
ITA,2000,82.5,Italie,Femmes,6,ğŸ‡®ğŸ‡¹
ITA,2000,76.529999,Italie,Hommes,6,ğŸ‡®ğŸ‡¹
ITA,2001,82.790001,Italie,Femmes,6,ğŸ‡®ğŸ‡¹
ITA,2001,76.790001,Italie,Hommes,6,ğŸ‡®ğŸ‡¹
ITA,2002,82.959999,Italie,Femmes,6,ğŸ‡®ğŸ‡¹
ITA,2002,77.080002,Italie,Hommes,6,ğŸ‡®ğŸ‡¹
ITA,2003,82.870003,Italie,Femmes,6,ğŸ‡®ğŸ‡¹
ITA,2003,77.32,Italie,Hommes,6,ğŸ‡®ğŸ‡¹
ITA,2004,83.760002,Italie,Femmes,6,ğŸ‡®ğŸ‡¹
ITA,2004,78.059998,Italie,Hommes,6,ğŸ‡®ğŸ‡¹
ITA,2005,83.669998,Italie,Femmes,6,ğŸ‡®ğŸ‡¹
ITA,2005,78.160004,Italie,Hommes,6,ğŸ‡®ğŸ‡¹
ITA,2006,84.050003,Italie,Femmes,6,ğŸ‡®ğŸ‡¹
ITA,2006,78.559998,Italie,Hommes,6,ğŸ‡®ğŸ‡¹
ITA,2007,84.040001,Italie,Femmes,6,ğŸ‡®ğŸ‡¹
ITA,2007,78.739998,Italie,Hommes,6,ğŸ‡®ğŸ‡¹
ITA,2008,84.139999,Italie,Femmes,6,ğŸ‡®ğŸ‡¹
ITA,2008,78.949997,Italie,Hommes,6,ğŸ‡®ğŸ‡¹
ITA,2009,84.18,Italie,Femmes,6,ğŸ‡®ğŸ‡¹
ITA,2009,79.139999,Italie,Hommes,6,ğŸ‡®ğŸ‡¹
ITA,2010,84.519997,Italie,Femmes,6,ğŸ‡®ğŸ‡¹
ITA,2010,79.540001,Italie,Hommes,6,ğŸ‡®ğŸ‡¹
ITA,2011,84.559998,Italie,Femmes,6,ğŸ‡®ğŸ‡¹
ITA,2011,79.699997,Italie,Hommes,6,ğŸ‡®ğŸ‡¹
ITA,2012,84.510002,Italie,Femmes,6,ğŸ‡®ğŸ‡¹
ITA,2012,79.800003,Italie,Hommes,6,ğŸ‡®ğŸ‡¹
ITA,2013,84.900002,Italie,Femmes,6,ğŸ‡®ğŸ‡¹
ITA,2013,80.199997,Italie,Hommes,6,ğŸ‡®ğŸ‡¹
ITA,2014,85.110001,Italie,Femmes,6,ğŸ‡®ğŸ‡¹
ITA,2014,80.489998,Italie,Hommes,6,ğŸ‡®ğŸ‡¹
ITA,2015,84.650002,Italie,Femmes,6,ğŸ‡®ğŸ‡¹
ITA,2015,80.220001,Italie,Hommes,6,ğŸ‡®ğŸ‡¹
ITA,2016,85.18,Italie,Femmes,6,ğŸ‡®ğŸ‡¹
ITA,2016,80.730003,Italie,Hommes,6,ğŸ‡®ğŸ‡¹
ITA,2017,84.860001,Italie,Femmes,6,ğŸ‡®ğŸ‡¹
ITA,2017,80.449997,Italie,Hommes,6,ğŸ‡®ğŸ‡¹
ITA,2018,85.279999,Italie,Femmes,6,ğŸ‡®ğŸ‡¹
ITA,2018,80.949997,Italie,Hommes,6,ğŸ‡®ğŸ‡¹
ITA,2019,85.410004,Italie,Femmes,6,ğŸ‡®ğŸ‡¹
ITA,2019,81.139999,Italie,Hommes,6,ğŸ‡®ğŸ‡¹
ITA,2020,84.470001,Italie,Femmes,6,ğŸ‡®ğŸ‡¹
ITA,2020,79.849998,Italie,Hommes,6,ğŸ‡®ğŸ‡¹
ITA,2021,84.720001,Italie,Femmes,6,ğŸ‡®ğŸ‡¹
ITA,2021,80.269997,Italie,Hommes,6,ğŸ‡®ğŸ‡¹
ITA,2022,84.739998,Italie,Femmes,6,ğŸ‡®ğŸ‡¹
ITA,2022,80.540001,Italie,Hommes,6,ğŸ‡®ğŸ‡¹
DNK,1950,71.519997,Danemark,Femmes,7,ğŸ‡©ğŸ‡°
DNK,1950,69.110001,Danemark,Hommes,7,ğŸ‡©ğŸ‡°
DNK,1951,72.150002,Danemark,Femmes,7,ğŸ‡©ğŸ‡°
DNK,1951,69.709999,Danemark,Hommes,7,ğŸ‡©ğŸ‡°
DNK,1952,72.150002,Danemark,Femmes,7,ğŸ‡©ğŸ‡°
DNK,1952,69.389999,Danemark,Hommes,7,ğŸ‡©ğŸ‡°
DNK,1953,72.470001,Danemark,Femmes,7,ğŸ‡©ğŸ‡°
DNK,1953,69.879997,Danemark,Hommes,7,ğŸ‡©ğŸ‡°
DNK,1954,72.809998,Danemark,Femmes,7,ğŸ‡©ğŸ‡°
DNK,1954,69.889999,Danemark,Hommes,7,ğŸ‡©ğŸ‡°
DNK,1955,73.459999,Danemark,Femmes,7,ğŸ‡©ğŸ‡°
DNK,1955,70.389999,Danemark,Hommes,7,ğŸ‡©ğŸ‡°
DNK,1956,73.709999,Danemark,Femmes,7,ğŸ‡©ğŸ‡°
DNK,1956,70.400002,Danemark,Hommes,7,ğŸ‡©ğŸ‡°
DNK,1957,73.489998,Danemark,Femmes,7,ğŸ‡©ğŸ‡°
DNK,1957,70.150002,Danemark,Hommes,7,ğŸ‡©ğŸ‡°
DNK,1958,74.029999,Danemark,Femmes,7,ğŸ‡©ğŸ‡°
DNK,1958,70.480003,Danemark,Hommes,7,ğŸ‡©ğŸ‡°
DNK,1959,73.870003,Danemark,Femmes,7,ğŸ‡©ğŸ‡°
DNK,1959,70.589996,Danemark,Hommes,7,ğŸ‡©ğŸ‡°
DNK,1960,73.989998,Danemark,Femmes,7,ğŸ‡©ğŸ‡°
DNK,1960,70.43,Danemark,Hommes,7,ğŸ‡©ğŸ‡°
DNK,1961,74.379997,Danemark,Femmes,7,ğŸ‡©ğŸ‡°
DNK,1961,70.559998,Danemark,Hommes,7,ğŸ‡©ğŸ‡°
DNK,1962,74.440002,Danemark,Femmes,7,ğŸ‡©ğŸ‡°
DNK,1962,70.32,Danemark,Hommes,7,ğŸ‡©ğŸ‡°
DNK,1963,74.480003,Danemark,Femmes,7,ğŸ‡©ğŸ‡°
DNK,1963,70.410004,Danemark,Hommes,7,ğŸ‡©ğŸ‡°
DNK,1964,74.800003,Danemark,Femmes,7,ğŸ‡©ğŸ‡°
DNK,1964,70.290001,Danemark,Hommes,7,ğŸ‡©ğŸ‡°
DNK,1965,74.650002,Danemark,Femmes,7,ğŸ‡©ğŸ‡°
DNK,1965,70.190002,Danemark,Hommes,7,ğŸ‡©ğŸ‡°
DNK,1966,74.790001,Danemark,Femmes,7,ğŸ‡©ğŸ‡°
DNK,1966,70.209999,Danemark,Hommes,7,ğŸ‡©ğŸ‡°
DNK,1967,75.360001,Danemark,Femmes,7,ğŸ‡©ğŸ‡°
DNK,1967,70.620003,Danemark,Hommes,7,ğŸ‡©ğŸ‡°
DNK,1968,75.580002,Danemark,Femmes,7,ğŸ‡©ğŸ‡°
DNK,1968,70.779999,Danemark,Hommes,7,ğŸ‡©ğŸ‡°
DNK,1969,75.699997,Danemark,Femmes,7,ğŸ‡©ğŸ‡°
DNK,1969,70.860001,Danemark,Hommes,7,ğŸ‡©ğŸ‡°
DNK,1970,75.919998,Danemark,Femmes,7,ğŸ‡©ğŸ‡°
DNK,1970,70.870003,Danemark,Hommes,7,ğŸ‡©ğŸ‡°
DNK,1971,76.160004,Danemark,Femmes,7,ğŸ‡©ğŸ‡°
DNK,1971,70.800003,Danemark,Hommes,7,ğŸ‡©ğŸ‡°
DNK,1972,76.220001,Danemark,Femmes,7,ğŸ‡©ğŸ‡°
DNK,1972,70.809998,Danemark,Hommes,7,ğŸ‡©ğŸ‡°
DNK,1973,76.529999,Danemark,Femmes,7,ğŸ‡©ğŸ‡°
DNK,1973,70.970001,Danemark,Hommes,7,ğŸ‡©ğŸ‡°
DNK,1974,76.82,Danemark,Femmes,7,ğŸ‡©ğŸ‡°
DNK,1974,70.940002,Danemark,Hommes,7,ğŸ‡©ğŸ‡°
DNK,1975,77,Danemark,Femmes,7,ğŸ‡©ğŸ‡°
DNK,1975,71.290001,Danemark,Hommes,7,ğŸ‡©ğŸ‡°
DNK,1976,76.699997,Danemark,Femmes,7,ğŸ‡©ğŸ‡°
DNK,1976,70.93,Danemark,Hommes,7,ğŸ‡©ğŸ‡°
DNK,1977,77.669998,Danemark,Femmes,7,ğŸ‡©ğŸ‡°
DNK,1977,71.730003,Danemark,Hommes,7,ğŸ‡©ğŸ‡°
DNK,1978,77.419998,Danemark,Femmes,7,ğŸ‡©ğŸ‡°
DNK,1978,71.519997,Danemark,Hommes,7,ğŸ‡©ğŸ‡°
DNK,1979,77.410004,Danemark,Femmes,7,ğŸ‡©ğŸ‡°
DNK,1979,71.199997,Danemark,Hommes,7,ğŸ‡©ğŸ‡°
DNK,1980,77.18,Danemark,Femmes,7,ğŸ‡©ğŸ‡°
DNK,1980,71.18,Danemark,Hommes,7,ğŸ‡©ğŸ‡°
DNK,1981,77.360001,Danemark,Femmes,7,ğŸ‡©ğŸ‡°
DNK,1981,71.25,Danemark,Hommes,7,ğŸ‡©ğŸ‡°
DNK,1982,77.650002,Danemark,Femmes,7,ğŸ‡©ğŸ‡°
DNK,1982,71.599998,Danemark,Hommes,7,ğŸ‡©ğŸ‡°
DNK,1983,77.550003,Danemark,Femmes,7,ğŸ‡©ğŸ‡°
DNK,1983,71.440002,Danemark,Hommes,7,ğŸ‡©ğŸ‡°
DNK,1984,77.620003,Danemark,Femmes,7,ğŸ‡©ğŸ‡°
DNK,1984,71.660004,Danemark,Hommes,7,ğŸ‡©ğŸ‡°
DNK,1985,77.480003,Danemark,Femmes,7,ğŸ‡©ğŸ‡°
DNK,1985,71.529999,Danemark,Hommes,7,ğŸ‡©ğŸ‡°
DNK,1986,77.529999,Danemark,Femmes,7,ğŸ‡©ğŸ‡°
DNK,1986,71.769997,Danemark,Hommes,7,ğŸ‡©ğŸ‡°
DNK,1987,77.790001,Danemark,Femmes,7,ğŸ‡©ğŸ‡°
DNK,1987,71.75,Danemark,Hommes,7,ğŸ‡©ğŸ‡°
DNK,1988,77.639999,Danemark,Femmes,7,ğŸ‡©ğŸ‡°
DNK,1988,72.040001,Danemark,Hommes,7,ğŸ‡©ğŸ‡°
DNK,1989,77.760002,Danemark,Femmes,7,ğŸ‡©ğŸ‡°
DNK,1989,71.989998,Danemark,Hommes,7,ğŸ‡©ğŸ‡°
DNK,1990,77.730003,Danemark,Femmes,7,ğŸ‡©ğŸ‡°
DNK,1990,72.019997,Danemark,Hommes,7,ğŸ‡©ğŸ‡°
DNK,1991,77.980003,Danemark,Femmes,7,ğŸ‡©ğŸ‡°
DNK,1991,72.470001,Danemark,Hommes,7,ğŸ‡©ğŸ‡°
DNK,1992,77.970001,Danemark,Femmes,7,ğŸ‡©ğŸ‡°
DNK,1992,72.559998,Danemark,Hommes,7,ğŸ‡©ğŸ‡°
DNK,1993,77.769997,Danemark,Femmes,7,ğŸ‡©ğŸ‡°
DNK,1993,72.599998,Danemark,Hommes,7,ğŸ‡©ğŸ‡°
DNK,1994,78.099998,Danemark,Femmes,7,ğŸ‡©ğŸ‡°
DNK,1994,72.779999,Danemark,Hommes,7,ğŸ‡©ğŸ‡°
DNK,1995,77.839996,Danemark,Femmes,7,ğŸ‡©ğŸ‡°
DNK,1995,72.730003,Danemark,Hommes,7,ğŸ‡©ğŸ‡°
DNK,1996,78.260002,Danemark,Femmes,7,ğŸ‡©ğŸ‡°
DNK,1996,73.059998,Danemark,Hommes,7,ğŸ‡©ğŸ‡°
DNK,1997,78.470001,Danemark,Femmes,7,ğŸ‡©ğŸ‡°
DNK,1997,73.559998,Danemark,Hommes,7,ğŸ‡©ğŸ‡°
DNK,1998,78.889999,Danemark,Femmes,7,ğŸ‡©ğŸ‡°
DNK,1998,73.940002,Danemark,Hommes,7,ğŸ‡©ğŸ‡°
DNK,1999,78.889999,Danemark,Femmes,7,ğŸ‡©ğŸ‡°
DNK,1999,74.209999,Danemark,Hommes,7,ğŸ‡©ğŸ‡°
DNK,2000,79.120003,Danemark,Femmes,7,ğŸ‡©ğŸ‡°
DNK,2000,74.440002,Danemark,Hommes,7,ğŸ‡©ğŸ‡°
DNK,2001,79.220001,Danemark,Femmes,7,ğŸ‡©ğŸ‡°
DNK,2001,74.669998,Danemark,Hommes,7,ğŸ‡©ğŸ‡°
DNK,2002,79.339996,Danemark,Femmes,7,ğŸ‡©ğŸ‡°
DNK,2002,74.800003,Danemark,Hommes,7,ğŸ‡©ğŸ‡°
DNK,2003,79.739998,Danemark,Femmes,7,ğŸ‡©ğŸ‡°
DNK,2003,75.029999,Danemark,Hommes,7,ğŸ‡©ğŸ‡°
DNK,2004,80.110001,Danemark,Femmes,7,ğŸ‡©ğŸ‡°
DNK,2004,75.410004,Danemark,Hommes,7,ğŸ‡©ğŸ‡°
DNK,2005,80.449997,Danemark,Femmes,7,ğŸ‡©ğŸ‡°
DNK,2005,75.940002,Danemark,Hommes,7,ğŸ‡©ğŸ‡°
DNK,2006,80.510002,Danemark,Femmes,7,ğŸ‡©ğŸ‡°
DNK,2006,75.900002,Danemark,Hommes,7,ğŸ‡©ğŸ‡°
DNK,2007,80.529999,Danemark,Femmes,7,ğŸ‡©ğŸ‡°
DNK,2007,76.129997,Danemark,Hommes,7,ğŸ‡©ğŸ‡°
DNK,2008,80.919998,Danemark,Femmes,7,ğŸ‡©ğŸ‡°
DNK,2008,76.480003,Danemark,Hommes,7,ğŸ‡©ğŸ‡°
DNK,2009,81.029999,Danemark,Femmes,7,ğŸ‡©ğŸ‡°
DNK,2009,76.839996,Danemark,Hommes,7,ğŸ‡©ğŸ‡°
DNK,2010,81.330002,Danemark,Femmes,7,ğŸ‡©ğŸ‡°
DNK,2010,77.120003,Danemark,Hommes,7,ğŸ‡©ğŸ‡°
DNK,2011,81.830002,Danemark,Femmes,7,ğŸ‡©ğŸ‡°
DNK,2011,77.699997,Danemark,Hommes,7,ğŸ‡©ğŸ‡°
DNK,2012,82.040001,Danemark,Femmes,7,ğŸ‡©ğŸ‡°
DNK,2012,78.07,Danemark,Hommes,7,ğŸ‡©ğŸ‡°
DNK,2013,82.309998,Danemark,Femmes,7,ğŸ‡©ğŸ‡°
DNK,2013,78.279999,Danemark,Hommes,7,ğŸ‡©ğŸ‡°
DNK,2014,82.669998,Danemark,Femmes,7,ğŸ‡©ğŸ‡°
DNK,2014,78.57,Danemark,Hommes,7,ğŸ‡©ğŸ‡°
DNK,2015,82.690002,Danemark,Femmes,7,ğŸ‡©ğŸ‡°
DNK,2015,78.769997,Danemark,Hommes,7,ğŸ‡©ğŸ‡°
DNK,2016,82.790001,Danemark,Femmes,7,ğŸ‡©ğŸ‡°
DNK,2016,78.949997,Danemark,Hommes,7,ğŸ‡©ğŸ‡°
DNK,2017,83.120003,Danemark,Femmes,7,ğŸ‡©ğŸ‡°
DNK,2017,79.099998,Danemark,Hommes,7,ğŸ‡©ğŸ‡°
DNK,2018,82.959999,Danemark,Femmes,7,ğŸ‡©ğŸ‡°
DNK,2018,79.019997,Danemark,Hommes,7,ğŸ‡©ğŸ‡°
DNK,2019,83.419998,Danemark,Femmes,7,ğŸ‡©ğŸ‡°
DNK,2019,79.440002,Danemark,Hommes,7,ğŸ‡©ğŸ‡°
DNK,2020,83.510002,Danemark,Femmes,7,ğŸ‡©ğŸ‡°
DNK,2020,79.580002,Danemark,Hommes,7,ğŸ‡©ğŸ‡°
DNK,2021,83.300003,Danemark,Femmes,7,ğŸ‡©ğŸ‡°
DNK,2021,79.57,Danemark,Hommes,7,ğŸ‡©ğŸ‡°
DNK,2022,83.18,Danemark,Femmes,7,ğŸ‡©ğŸ‡°
DNK,2022,79.43,Danemark,Hommes,7,ğŸ‡©ğŸ‡°
DNK,2023,83.620003,Danemark,Femmes,7,ğŸ‡©ğŸ‡°
DNK,2023,79.730003,Danemark,Hommes,7,ğŸ‡©ğŸ‡°
DNK,2024,83.900002,Danemark,Femmes,7,ğŸ‡©ğŸ‡°
DNK,2024,80.169998,Danemark,Hommes,7,ğŸ‡©ğŸ‡°
JPN,1950,60.880001,Japon,Femmes,8,ğŸ‡¯ğŸ‡µ
JPN,1950,57.57,Japon,Hommes,8,ğŸ‡¯ğŸ‡µ
JPN,1951,62.610001,Japon,Femmes,8,ğŸ‡¯ğŸ‡µ
JPN,1951,59.299999,Japon,Hommes,8,ğŸ‡¯ğŸ‡µ
JPN,1952,64.669998,Japon,Femmes,8,ğŸ‡¯ğŸ‡µ
JPN,1952,61.259998,Japon,Hommes,8,ğŸ‡¯ğŸ‡µ
JPN,1953,65.07,Japon,Femmes,8,ğŸ‡¯ğŸ‡µ
JPN,1953,61.540001,Japon,Hommes,8,ğŸ‡¯ğŸ‡µ
JPN,1954,66.57,Japon,Femmes,8,ğŸ‡¯ğŸ‡µ
JPN,1954,62.470001,Japon,Hommes,8,ğŸ‡¯ğŸ‡µ
JPN,1955,67.769997,Japon,Femmes,8,ğŸ‡¯ğŸ‡µ
JPN,1955,63.619999,Japon,Hommes,8,ğŸ‡¯ğŸ‡µ
JPN,1956,67.669998,Japon,Femmes,8,ğŸ‡¯ğŸ‡µ
JPN,1956,63.43,Japon,Hommes,8,ğŸ‡¯ğŸ‡µ
JPN,1957,67.620003,Japon,Femmes,8,ğŸ‡¯ğŸ‡µ
JPN,1957,63.27,Japon,Hommes,8,ğŸ‡¯ğŸ‡µ
JPN,1958,69.309998,Japon,Femmes,8,ğŸ‡¯ğŸ‡µ
JPN,1958,64.75,Japon,Hommes,8,ğŸ‡¯ğŸ‡µ
JPN,1959,69.790001,Japon,Femmes,8,ğŸ‡¯ğŸ‡µ
JPN,1959,65.120003,Japon,Hommes,8,ğŸ‡¯ğŸ‡µ
JPN,1960,70.139999,Japon,Femmes,8,ğŸ‡¯ğŸ‡µ
JPN,1960,65.300003,Japon,Hommes,8,ğŸ‡¯ğŸ‡µ
JPN,1961,70.830002,Japon,Femmes,8,ğŸ‡¯ğŸ‡µ
JPN,1961,65.910004,Japon,Hommes,8,ğŸ‡¯ğŸ‡µ
JPN,1962,71.139999,Japon,Femmes,8,ğŸ‡¯ğŸ‡µ
JPN,1962,66.199997,Japon,Hommes,8,ğŸ‡¯ğŸ‡µ
JPN,1963,72.279999,Japon,Femmes,8,ğŸ‡¯ğŸ‡µ
JPN,1963,67.199997,Japon,Hommes,8,ğŸ‡¯ğŸ‡µ
JPN,1964,72.760002,Japon,Femmes,8,ğŸ‡¯ğŸ‡µ
JPN,1964,67.629997,Japon,Hommes,8,ğŸ‡¯ğŸ‡µ
JPN,1965,72.849998,Japon,Femmes,8,ğŸ‡¯ğŸ‡µ
JPN,1965,67.68,Japon,Hommes,8,ğŸ‡¯ğŸ‡µ
JPN,1966,73.650002,Japon,Femmes,8,ğŸ‡¯ğŸ‡µ
JPN,1966,68.449997,Japon,Hommes,8,ğŸ‡¯ğŸ‡µ
JPN,1967,73.989998,Japon,Femmes,8,ğŸ‡¯ğŸ‡µ
JPN,1967,68.790001,Japon,Hommes,8,ğŸ‡¯ğŸ‡µ
JPN,1968,74.279999,Japon,Femmes,8,ğŸ‡¯ğŸ‡µ
JPN,1968,69.040001,Japon,Hommes,8,ğŸ‡¯ğŸ‡µ
JPN,1969,74.629997,Japon,Femmes,8,ğŸ‡¯ğŸ‡µ
JPN,1969,69.209999,Japon,Hommes,8,ğŸ‡¯ğŸ‡µ
JPN,1970,74.68,Japon,Femmes,8,ğŸ‡¯ğŸ‡µ
JPN,1970,69.32,Japon,Hommes,8,ğŸ‡¯ğŸ‡µ
JPN,1971,75.480003,Japon,Femmes,8,ğŸ‡¯ğŸ‡µ
JPN,1971,70.129997,Japon,Hommes,8,ğŸ‡¯ğŸ‡µ
JPN,1972,75.940002,Japon,Femmes,8,ğŸ‡¯ğŸ‡µ
JPN,1972,70.529999,Japon,Hommes,8,ğŸ‡¯ğŸ‡µ
JPN,1973,76.019997,Japon,Femmes,8,ğŸ‡¯ğŸ‡µ
JPN,1973,70.760002,Japon,Hommes,8,ğŸ‡¯ğŸ‡µ
JPN,1974,76.370003,Japon,Femmes,8,ğŸ‡¯ğŸ‡µ
JPN,1974,71.25,Japon,Hommes,8,ğŸ‡¯ğŸ‡µ
JPN,1975,76.879997,Japon,Femmes,8,ğŸ‡¯ğŸ‡µ
JPN,1975,71.75,Japon,Hommes,8,ğŸ‡¯ğŸ‡µ
JPN,1976,77.290001,Japon,Femmes,8,ğŸ‡¯ğŸ‡µ
JPN,1976,72.129997,Japon,Hommes,8,ğŸ‡¯ğŸ‡µ
JPN,1977,77.860001,Japon,Femmes,8,ğŸ‡¯ğŸ‡µ
JPN,1977,72.669998,Japon,Hommes,8,ğŸ‡¯ğŸ‡µ
JPN,1978,78.220001,Japon,Femmes,8,ğŸ‡¯ğŸ‡µ
JPN,1978,72.959999,Japon,Hommes,8,ğŸ‡¯ğŸ‡µ
JPN,1979,78.760002,Japon,Femmes,8,ğŸ‡¯ğŸ‡µ
JPN,1979,73.43,Japon,Hommes,8,ğŸ‡¯ğŸ‡µ
JPN,1980,78.760002,Japon,Femmes,8,ğŸ‡¯ğŸ‡µ
JPN,1980,73.379997,Japon,Hommes,8,ğŸ‡¯ğŸ‡µ
JPN,1981,79.160004,Japon,Femmes,8,ğŸ‡¯ğŸ‡µ
JPN,1981,73.809998,Japon,Hommes,8,ğŸ‡¯ğŸ‡µ
JPN,1982,79.730003,Japon,Femmes,8,ğŸ‡¯ğŸ‡µ
JPN,1982,74.260002,Japon,Hommes,8,ğŸ‡¯ğŸ‡µ
JPN,1983,79.830002,Japon,Femmes,8,ğŸ‡¯ğŸ‡µ
JPN,1983,74.239998,Japon,Hommes,8,ğŸ‡¯ğŸ‡µ
JPN,1984,80.260002,Japon,Femmes,8,ğŸ‡¯ğŸ‡µ
JPN,1984,74.599998,Japon,Hommes,8,ğŸ‡¯ğŸ‡µ
JPN,1985,80.550003,Japon,Femmes,8,ğŸ‡¯ğŸ‡µ
JPN,1985,74.889999,Japon,Hommes,8,ğŸ‡¯ğŸ‡µ
JPN,1986,80.980003,Japon,Femmes,8,ğŸ‡¯ğŸ‡µ
JPN,1986,75.269997,Japon,Hommes,8,ğŸ‡¯ğŸ‡µ
JPN,1987,81.43,Japon,Femmes,8,ğŸ‡¯ğŸ‡µ
JPN,1987,75.650002,Japon,Hommes,8,ğŸ‡¯ğŸ‡µ
JPN,1988,81.330002,Japon,Femmes,8,ğŸ‡¯ğŸ‡µ
JPN,1988,75.589996,Japon,Hommes,8,ğŸ‡¯ğŸ‡µ
JPN,1989,81.800003,Japon,Femmes,8,ğŸ‡¯ğŸ‡µ
JPN,1989,75.970001,Japon,Hommes,8,ğŸ‡¯ğŸ‡µ
JPN,1990,81.860001,Japon,Femmes,8,ğŸ‡¯ğŸ‡µ
JPN,1990,75.940002,Japon,Hommes,8,ğŸ‡¯ğŸ‡µ
JPN,1991,82.169998,Japon,Femmes,8,ğŸ‡¯ğŸ‡µ
JPN,1991,76.160004,Japon,Hommes,8,ğŸ‡¯ğŸ‡µ
JPN,1992,82.290001,Japon,Femmes,8,ğŸ‡¯ğŸ‡µ
JPN,1992,76.129997,Japon,Hommes,8,ğŸ‡¯ğŸ‡µ
JPN,1993,82.449997,Japon,Femmes,8,ğŸ‡¯ğŸ‡µ
JPN,1993,76.269997,Japon,Hommes,8,ğŸ‡¯ğŸ‡µ
JPN,1994,82.900002,Japon,Femmes,8,ğŸ‡¯ğŸ‡µ
JPN,1994,76.589996,Japon,Hommes,8,ğŸ‡¯ğŸ‡µ
JPN,1995,82.779999,Japon,Femmes,8,ğŸ‡¯ğŸ‡µ
JPN,1995,76.410004,Japon,Hommes,8,ğŸ‡¯ğŸ‡µ
JPN,1996,83.5,Japon,Femmes,8,ğŸ‡¯ğŸ‡µ
JPN,1996,77.029999,Japon,Hommes,8,ğŸ‡¯ğŸ‡µ
JPN,1997,83.730003,Japon,Femmes,8,ğŸ‡¯ğŸ‡µ
JPN,1997,77.239998,Japon,Hommes,8,ğŸ‡¯ğŸ‡µ
JPN,1998,83.919998,Japon,Femmes,8,ğŸ‡¯ğŸ‡µ
JPN,1998,77.209999,Japon,Hommes,8,ğŸ‡¯ğŸ‡µ
JPN,1999,83.919998,Japon,Femmes,8,ğŸ‡¯ğŸ‡µ
JPN,1999,77.169998,Japon,Hommes,8,ğŸ‡¯ğŸ‡µ
JPN,2000,84.519997,Japon,Femmes,8,ğŸ‡¯ğŸ‡µ
JPN,2000,77.68,Japon,Hommes,8,ğŸ‡¯ğŸ‡µ
JPN,2001,84.849998,Japon,Femmes,8,ğŸ‡¯ğŸ‡µ
JPN,2001,78.010002,Japon,Hommes,8,ğŸ‡¯ğŸ‡µ
JPN,2002,85.150002,Japon,Femmes,8,ğŸ‡¯ğŸ‡µ
JPN,2002,78.279999,Japon,Hommes,8,ğŸ‡¯ğŸ‡µ
JPN,2003,85.25,Japon,Femmes,8,ğŸ‡¯ğŸ‡µ
JPN,2003,78.32,Japon,Hommes,8,ğŸ‡¯ğŸ‡µ
JPN,2004,85.5,Japon,Femmes,8,ğŸ‡¯ğŸ‡µ
JPN,2004,78.610001,Japon,Hommes,8,ğŸ‡¯ğŸ‡µ
JPN,2005,85.419998,Japon,Femmes,8,ğŸ‡¯ğŸ‡µ
JPN,2005,78.5,Japon,Hommes,8,ğŸ‡¯ğŸ‡µ
JPN,2006,85.699997,Japon,Femmes,8,ğŸ‡¯ğŸ‡µ
JPN,2006,78.919998,Japon,Hommes,8,ğŸ‡¯ğŸ‡µ
JPN,2007,85.879997,Japon,Femmes,8,ğŸ‡¯ğŸ‡µ
JPN,2007,79.099998,Japon,Hommes,8,ğŸ‡¯ğŸ‡µ
JPN,2008,85.959999,Japon,Femmes,8,ğŸ‡¯ğŸ‡µ
JPN,2008,79.209999,Japon,Hommes,8,ğŸ‡¯ğŸ‡µ
JPN,2009,86.339996,Japon,Femmes,8,ğŸ‡¯ğŸ‡µ
JPN,2009,79.510002,Japon,Hommes,8,ğŸ‡¯ğŸ‡µ
JPN,2010,86.25,Japon,Femmes,8,ğŸ‡¯ğŸ‡µ
JPN,2010,79.510002,Japon,Hommes,8,ğŸ‡¯ğŸ‡µ
JPN,2011,85.860001,Japon,Femmes,8,ğŸ‡¯ğŸ‡µ
JPN,2011,79.410004,Japon,Hommes,8,ğŸ‡¯ğŸ‡µ
JPN,2012,86.370003,Japon,Femmes,8,ğŸ‡¯ğŸ‡µ
JPN,2012,79.910004,Japon,Hommes,8,ğŸ‡¯ğŸ‡µ
JPN,2013,86.559998,Japon,Femmes,8,ğŸ‡¯ğŸ‡µ
JPN,2013,80.169998,Japon,Hommes,8,ğŸ‡¯ğŸ‡µ
JPN,2014,86.769997,Japon,Femmes,8,ğŸ‡¯ğŸ‡µ
JPN,2014,80.449997,Japon,Hommes,8,ğŸ‡¯ğŸ‡µ
JPN,2015,86.980003,Japon,Femmes,8,ğŸ‡¯ğŸ‡µ
JPN,2015,80.720001,Japon,Hommes,8,ğŸ‡¯ğŸ‡µ
JPN,2016,87.129997,Japon,Femmes,8,ğŸ‡¯ğŸ‡µ
JPN,2016,80.93,Japon,Hommes,8,ğŸ‡¯ğŸ‡µ
JPN,2017,87.269997,Japon,Femmes,8,ğŸ‡¯ğŸ‡µ
JPN,2017,81.059998,Japon,Hommes,8,ğŸ‡¯ğŸ‡µ
JPN,2018,87.32,Japon,Femmes,8,ğŸ‡¯ğŸ‡µ
JPN,2018,81.220001,Japon,Hommes,8,ğŸ‡¯ğŸ‡µ
JPN,2019,87.449997,Japon,Femmes,8,ğŸ‡¯ğŸ‡µ
JPN,2019,81.370003,Japon,Hommes,8,ğŸ‡¯ğŸ‡µ
JPN,2020,87.75,Japon,Femmes,8,ğŸ‡¯ğŸ‡µ
JPN,2020,81.580002,Japon,Hommes,8,ğŸ‡¯ğŸ‡µ
JPN,2021,87.610001,Japon,Femmes,8,ğŸ‡¯ğŸ‡µ
JPN,2021,81.480003,Japon,Hommes,8,ğŸ‡¯ğŸ‡µ
JPN,2022,87.120003,Japon,Femmes,8,ğŸ‡¯ğŸ‡µ
JPN,2022,81.059998,Japon,Hommes,8,ğŸ‡¯ğŸ‡µ
JPN,2023,87.18,Japon,Femmes,8,ğŸ‡¯ğŸ‡µ
JPN,2023,81.120003,Japon,Hommes,8,ğŸ‡¯ğŸ‡µ
SWE,1950,72.440002,SuÃ¨de,Femmes,9,ğŸ‡¸ğŸ‡ª
SWE,1950,69.849998,SuÃ¨de,Hommes,9,ğŸ‡¸ğŸ‡ª
SWE,1951,72.699997,SuÃ¨de,Femmes,9,ğŸ‡¸ğŸ‡ª
SWE,1951,70.040001,SuÃ¨de,Hommes,9,ğŸ‡¸ğŸ‡ª
SWE,1952,73.290001,SuÃ¨de,Femmes,9,ğŸ‡¸ğŸ‡ª
SWE,1952,70.419998,SuÃ¨de,Hommes,9,ğŸ‡¸ğŸ‡ª
SWE,1953,73.400002,SuÃ¨de,Femmes,9,ğŸ‡¸ğŸ‡ª
SWE,1953,70.43,SuÃ¨de,Hommes,9,ğŸ‡¸ğŸ‡ª
SWE,1954,73.870003,SuÃ¨de,Femmes,9,ğŸ‡¸ğŸ‡ª
SWE,1954,70.860001,SuÃ¨de,Hommes,9,ğŸ‡¸ğŸ‡ª
SWE,1955,74.150002,SuÃ¨de,Femmes,9,ğŸ‡¸ğŸ‡ª
SWE,1955,71.050003,SuÃ¨de,Hommes,9,ğŸ‡¸ğŸ‡ª
SWE,1956,74.400002,SuÃ¨de,Femmes,9,ğŸ‡¸ğŸ‡ª
SWE,1956,70.959999,SuÃ¨de,Hommes,9,ğŸ‡¸ğŸ‡ª
SWE,1957,74.269997,SuÃ¨de,Femmes,9,ğŸ‡¸ğŸ‡ª
SWE,1957,70.75,SuÃ¨de,Hommes,9,ğŸ‡¸ğŸ‡ª
SWE,1958,74.800003,SuÃ¨de,Femmes,9,ğŸ‡¸ğŸ‡ª
SWE,1958,71.529999,SuÃ¨de,Hommes,9,ğŸ‡¸ğŸ‡ª
SWE,1959,75.199997,SuÃ¨de,Femmes,9,ğŸ‡¸ğŸ‡ª
SWE,1959,71.580002,SuÃ¨de,Hommes,9,ğŸ‡¸ğŸ‡ª
SWE,1960,74.879997,SuÃ¨de,Femmes,9,ğŸ‡¸ğŸ‡ª
SWE,1960,71.239998,SuÃ¨de,Hommes,9,ğŸ‡¸ğŸ‡ª
SWE,1961,75.379997,SuÃ¨de,Femmes,9,ğŸ‡¸ğŸ‡ª
SWE,1961,71.639999,SuÃ¨de,Hommes,9,ğŸ‡¸ğŸ‡ª
SWE,1962,75.419998,SuÃ¨de,Femmes,9,ğŸ‡¸ğŸ‡ª
SWE,1962,71.360001,SuÃ¨de,Hommes,9,ğŸ‡¸ğŸ‡ª
SWE,1963,75.610001,SuÃ¨de,Femmes,9,ğŸ‡¸ğŸ‡ª
SWE,1963,71.529999,SuÃ¨de,Hommes,9,ğŸ‡¸ğŸ‡ª
SWE,1964,75.870003,SuÃ¨de,Femmes,9,ğŸ‡¸ğŸ‡ª
SWE,1964,71.620003,SuÃ¨de,Hommes,9,ğŸ‡¸ğŸ‡ª
SWE,1965,76.080002,SuÃ¨de,Femmes,9,ğŸ‡¸ğŸ‡ª
SWE,1965,71.739998,SuÃ¨de,Hommes,9,ğŸ‡¸ğŸ‡ª
SWE,1966,76.459999,SuÃ¨de,Femmes,9,ğŸ‡¸ğŸ‡ª
SWE,1966,71.839996,SuÃ¨de,Hommes,9,ğŸ‡¸ğŸ‡ª
SWE,1967,76.550003,SuÃ¨de,Femmes,9,ğŸ‡¸ğŸ‡ª
SWE,1967,71.849998,SuÃ¨de,Hommes,9,ğŸ‡¸ğŸ‡ª
SWE,1968,76.389999,SuÃ¨de,Femmes,9,ğŸ‡¸ğŸ‡ª
SWE,1968,71.709999,SuÃ¨de,Hommes,9,ğŸ‡¸ğŸ‡ª
SWE,1969,76.629997,SuÃ¨de,Femmes,9,ğŸ‡¸ğŸ‡ª
SWE,1969,71.709999,SuÃ¨de,Hommes,9,ğŸ‡¸ğŸ‡ª
SWE,1970,77.209999,SuÃ¨de,Femmes,9,ğŸ‡¸ğŸ‡ª
SWE,1970,72.230003,SuÃ¨de,Hommes,9,ğŸ‡¸ğŸ‡ª
SWE,1971,77.389999,SuÃ¨de,Femmes,9,ğŸ‡¸ğŸ‡ª
SWE,1971,71.970001,SuÃ¨de,Hommes,9,ğŸ‡¸ğŸ‡ª
SWE,1972,77.529999,SuÃ¨de,Femmes,9,ğŸ‡¸ğŸ‡ª
SWE,1972,72.029999,SuÃ¨de,Hommes,9,ğŸ‡¸ğŸ‡ª
SWE,1973,77.720001,SuÃ¨de,Femmes,9,ğŸ‡¸ğŸ‡ª
SWE,1973,72.160004,SuÃ¨de,Hommes,9,ğŸ‡¸ğŸ‡ª
SWE,1974,77.900002,SuÃ¨de,Femmes,9,ğŸ‡¸ğŸ‡ª
SWE,1974,72.199997,SuÃ¨de,Hommes,9,ğŸ‡¸ğŸ‡ª
SWE,1975,77.949997,SuÃ¨de,Femmes,9,ğŸ‡¸ğŸ‡ª
SWE,1975,72.169998,SuÃ¨de,Hommes,9,ğŸ‡¸ğŸ‡ª
SWE,1976,77.959999,SuÃ¨de,Femmes,9,ğŸ‡¸ğŸ‡ª
SWE,1976,72.160004,SuÃ¨de,Hommes,9,ğŸ‡¸ğŸ‡ª
SWE,1977,78.57,SuÃ¨de,Femmes,9,ğŸ‡¸ğŸ‡ª
SWE,1977,72.410004,SuÃ¨de,Hommes,9,ğŸ‡¸ğŸ‡ª
SWE,1978,78.690002,SuÃ¨de,Femmes,9,ğŸ‡¸ğŸ‡ª
SWE,1978,72.459999,SuÃ¨de,Hommes,9,ğŸ‡¸ğŸ‡ª
SWE,1979,78.720001,SuÃ¨de,Femmes,9,ğŸ‡¸ğŸ‡ª
SWE,1979,72.5,SuÃ¨de,Hommes,9,ğŸ‡¸ğŸ‡ª
SWE,1980,78.849998,SuÃ¨de,Femmes,9,ğŸ‡¸ğŸ‡ª
SWE,1980,72.779999,SuÃ¨de,Hommes,9,ğŸ‡¸ğŸ‡ª
SWE,1981,79.139999,SuÃ¨de,Femmes,9,ğŸ‡¸ğŸ‡ª
SWE,1981,73.080002,SuÃ¨de,Hommes,9,ğŸ‡¸ğŸ‡ª
SWE,1982,79.389999,SuÃ¨de,Femmes,9,ğŸ‡¸ğŸ‡ª
SWE,1982,73.43,SuÃ¨de,Hommes,9,ğŸ‡¸ğŸ‡ª
SWE,1983,79.639999,SuÃ¨de,Femmes,9,ğŸ‡¸ğŸ‡ª
SWE,1983,73.629997,SuÃ¨de,Hommes,9,ğŸ‡¸ğŸ‡ª
SWE,1984,79.93,SuÃ¨de,Femmes,9,ğŸ‡¸ğŸ‡ª
SWE,1984,73.849998,SuÃ¨de,Hommes,9,ğŸ‡¸ğŸ‡ª
SWE,1985,79.690002,SuÃ¨de,Femmes,9,ğŸ‡¸ğŸ‡ª
SWE,1985,73.779999,SuÃ¨de,Hommes,9,ğŸ‡¸ğŸ‡ª
SWE,1986,80.019997,SuÃ¨de,Femmes,9,ğŸ‡¸ğŸ‡ª
SWE,1986,73.980003,SuÃ¨de,Hommes,9,ğŸ‡¸ğŸ‡ª
SWE,1987,80.139999,SuÃ¨de,Femmes,9,ğŸ‡¸ğŸ‡ª
SWE,1987,74.160004,SuÃ¨de,Hommes,9,ğŸ‡¸ğŸ‡ª
SWE,1988,79.93,SuÃ¨de,Femmes,9,ğŸ‡¸ğŸ‡ª
SWE,1988,74.129997,SuÃ¨de,Hommes,9,ğŸ‡¸ğŸ‡ª
SWE,1989,80.559998,SuÃ¨de,Femmes,9,ğŸ‡¸ğŸ‡ª
SWE,1989,74.779999,SuÃ¨de,Hommes,9,ğŸ‡¸ğŸ‡ª
SWE,1990,80.400002,SuÃ¨de,Femmes,9,ğŸ‡¸ğŸ‡ª
SWE,1990,74.809998,SuÃ¨de,Hommes,9,ğŸ‡¸ğŸ‡ª
SWE,1991,80.540001,SuÃ¨de,Femmes,9,ğŸ‡¸ğŸ‡ª
SWE,1991,74.949997,SuÃ¨de,Hommes,9,ğŸ‡¸ğŸ‡ª
SWE,1992,80.779999,SuÃ¨de,Femmes,9,ğŸ‡¸ğŸ‡ª
SWE,1992,75.360001,SuÃ¨de,Hommes,9,ğŸ‡¸ğŸ‡ª
SWE,1993,80.779999,SuÃ¨de,Femmes,9,ğŸ‡¸ğŸ‡ª
SWE,1993,75.489998,SuÃ¨de,Hommes,9,ğŸ‡¸ğŸ‡ª
SWE,1994,81.379997,SuÃ¨de,Femmes,9,ğŸ‡¸ğŸ‡ª
SWE,1994,76.080002,SuÃ¨de,Hommes,9,ğŸ‡¸ğŸ‡ª
SWE,1995,81.440002,SuÃ¨de,Femmes,9,ğŸ‡¸ğŸ‡ª
SWE,1995,76.18,SuÃ¨de,Hommes,9,ğŸ‡¸ğŸ‡ª
SWE,1996,81.519997,SuÃ¨de,Femmes,9,ğŸ‡¸ğŸ‡ª
SWE,1996,76.519997,SuÃ¨de,Hommes,9,ğŸ‡¸ğŸ‡ª
SWE,1997,81.800003,SuÃ¨de,Femmes,9,ğŸ‡¸ğŸ‡ª
SWE,1997,76.699997,SuÃ¨de,Hommes,9,ğŸ‡¸ğŸ‡ª
SWE,1998,81.910004,SuÃ¨de,Femmes,9,ğŸ‡¸ğŸ‡ª
SWE,1998,76.870003,SuÃ¨de,Hommes,9,ğŸ‡¸ğŸ‡ª
SWE,1999,81.889999,SuÃ¨de,Femmes,9,ğŸ‡¸ğŸ‡ª
SWE,1999,77.07,SuÃ¨de,Hommes,9,ğŸ‡¸ğŸ‡ª
SWE,2000,82.019997,SuÃ¨de,Femmes,9,ğŸ‡¸ğŸ‡ª
SWE,2000,77.379997,SuÃ¨de,Hommes,9,ğŸ‡¸ğŸ‡ª
SWE,2001,82.050003,SuÃ¨de,Femmes,9,ğŸ‡¸ğŸ‡ª
SWE,2001,77.540001,SuÃ¨de,Hommes,9,ğŸ‡¸ğŸ‡ª
SWE,2002,82.080002,SuÃ¨de,Femmes,9,ğŸ‡¸ğŸ‡ª
SWE,2002,77.709999,SuÃ¨de,Hommes,9,ğŸ‡¸ğŸ‡ª
SWE,2003,82.410004,SuÃ¨de,Femmes,9,ğŸ‡¸ğŸ‡ª
SWE,2003,77.910004,SuÃ¨de,Hommes,9,ğŸ‡¸ğŸ‡ª
SWE,2004,82.660004,SuÃ¨de,Femmes,9,ğŸ‡¸ğŸ‡ª
SWE,2004,78.349998,SuÃ¨de,Hommes,9,ğŸ‡¸ğŸ‡ª
SWE,2005,82.75,SuÃ¨de,Femmes,9,ğŸ‡¸ğŸ‡ª
SWE,2005,78.419998,SuÃ¨de,Hommes,9,ğŸ‡¸ğŸ‡ª
SWE,2006,82.900002,SuÃ¨de,Femmes,9,ğŸ‡¸ğŸ‡ª
SWE,2006,78.690002,SuÃ¨de,Hommes,9,ğŸ‡¸ğŸ‡ª
SWE,2007,82.940002,SuÃ¨de,Femmes,9,ğŸ‡¸ğŸ‡ª
SWE,2007,78.93,SuÃ¨de,Hommes,9,ğŸ‡¸ğŸ‡ª
SWE,2008,83.110001,SuÃ¨de,Femmes,9,ğŸ‡¸ğŸ‡ª
SWE,2008,79.089996,SuÃ¨de,Hommes,9,ğŸ‡¸ğŸ‡ª
SWE,2009,83.32,SuÃ¨de,Femmes,9,ğŸ‡¸ğŸ‡ª
SWE,2009,79.339996,SuÃ¨de,Hommes,9,ğŸ‡¸ğŸ‡ª
SWE,2010,83.470001,SuÃ¨de,Femmes,9,ğŸ‡¸ğŸ‡ª
SWE,2010,79.519997,SuÃ¨de,Hommes,9,ğŸ‡¸ğŸ‡ª
SWE,2011,83.660004,SuÃ¨de,Femmes,9,ğŸ‡¸ğŸ‡ª
SWE,2011,79.800003,SuÃ¨de,Hommes,9,ğŸ‡¸ğŸ‡ª
SWE,2012,83.529999,SuÃ¨de,Femmes,9,ğŸ‡¸ğŸ‡ª
SWE,2012,79.870003,SuÃ¨de,Hommes,9,ğŸ‡¸ğŸ‡ª
SWE,2013,83.709999,SuÃ¨de,Femmes,9,ğŸ‡¸ğŸ‡ª
SWE,2013,80.099998,SuÃ¨de,Hommes,9,ğŸ‡¸ğŸ‡ª
SWE,2014,84.050003,SuÃ¨de,Femmes,9,ğŸ‡¸ğŸ‡ª
SWE,2014,80.349998,SuÃ¨de,Hommes,9,ğŸ‡¸ğŸ‡ª
SWE,2015,84.019997,SuÃ¨de,Femmes,9,ğŸ‡¸ğŸ‡ª
SWE,2015,80.32,SuÃ¨de,Hommes,9,ğŸ‡¸ğŸ‡ª
SWE,2016,84.080002,SuÃ¨de,Femmes,9,ğŸ‡¸ğŸ‡ª
SWE,2016,80.57,SuÃ¨de,Hommes,9,ğŸ‡¸ğŸ‡ª
SWE,2017,84.110001,SuÃ¨de,Femmes,9,ğŸ‡¸ğŸ‡ª
SWE,2017,80.730003,SuÃ¨de,Hommes,9,ğŸ‡¸ğŸ‡ª
SWE,2018,84.25,SuÃ¨de,Femmes,9,ğŸ‡¸ğŸ‡ª
SWE,2018,80.790001,SuÃ¨de,Hommes,9,ğŸ‡¸ğŸ‡ª
SWE,2019,84.730003,SuÃ¨de,Femmes,9,ğŸ‡¸ğŸ‡ª
SWE,2019,81.349998,SuÃ¨de,Hommes,9,ğŸ‡¸ğŸ‡ª
SWE,2020,84.290001,SuÃ¨de,Femmes,9,ğŸ‡¸ğŸ‡ª
SWE,2020,80.599998,SuÃ¨de,Hommes,9,ğŸ‡¸ğŸ‡ª
SWE,2021,84.82,SuÃ¨de,Femmes,9,ğŸ‡¸ğŸ‡ª
SWE,2021,81.220001,SuÃ¨de,Hommes,9,ğŸ‡¸ğŸ‡ª
SWE,2022,84.75,SuÃ¨de,Femmes,9,ğŸ‡¸ğŸ‡ª
SWE,2022,81.360001,SuÃ¨de,Hommes,9,ğŸ‡¸ğŸ‡ª
SWE,2023,84.910004,SuÃ¨de,Femmes,9,ğŸ‡¸ğŸ‡ª
SWE,2023,81.589996,SuÃ¨de,Hommes,9,ğŸ‡¸ğŸ‡ª
SWE,2024,85.349998,SuÃ¨de,Femmes,9,ğŸ‡¸ğŸ‡ª
SWE,2024,82.290001,SuÃ¨de,Hommes,9,ğŸ‡¸ğŸ‡ª
FRATNP,1950,69.190002,France,Femmes,10,ğŸ‡«ğŸ‡·
FRATNP,1950,63.43,France,Hommes,10,ğŸ‡«ğŸ‡·
FRATNP,1951,68.900002,France,Femmes,10,ğŸ‡«ğŸ‡·
FRATNP,1951,63.169998,France,Hommes,10,ğŸ‡«ğŸ‡·
FRATNP,1952,70.220001,France,Femmes,10,ğŸ‡«ğŸ‡·
FRATNP,1952,64.410004,France,Hommes,10,ğŸ‡«ğŸ‡·
FRATNP,1953,70.230003,France,Femmes,10,ğŸ‡«ğŸ‡·
FRATNP,1953,64.290001,France,Hommes,10,ğŸ‡«ğŸ‡·
FRATNP,1954,71.209999,France,Femmes,10,ğŸ‡«ğŸ‡·
FRATNP,1954,65.029999,France,Hommes,10,ğŸ‡«ğŸ‡·
FRATNP,1955,71.540001,France,Femmes,10,ğŸ‡«ğŸ‡·
FRATNP,1955,65.230003,France,Hommes,10,ğŸ‡«ğŸ‡·
FRATNP,1956,71.669998,France,Femmes,10,ğŸ‡«ğŸ‡·
FRATNP,1956,65.169998,France,Hommes,10,ğŸ‡«ğŸ‡·
FRATNP,1957,72.209999,France,Femmes,10,ğŸ‡«ğŸ‡·
FRATNP,1957,65.489998,France,Hommes,10,ğŸ‡«ğŸ‡·
FRATNP,1958,73.230003,France,Femmes,10,ğŸ‡«ğŸ‡·
FRATNP,1958,66.849998,France,Hommes,10,ğŸ‡«ğŸ‡·
FRATNP,1959,73.360001,France,Femmes,10,ğŸ‡«ğŸ‡·
FRATNP,1959,66.860001,France,Hommes,10,ğŸ‡«ğŸ‡·
FRATNP,1960,73.610001,France,Femmes,10,ğŸ‡«ğŸ‡·
FRATNP,1960,67.019997,France,Hommes,10,ğŸ‡«ğŸ‡·
FRATNP,1961,74.370003,France,Femmes,10,ğŸ‡«ğŸ‡·
FRATNP,1961,67.459999,France,Hommes,10,ğŸ‡«ğŸ‡·
FRATNP,1962,73.900002,France,Femmes,10,ğŸ‡«ğŸ‡·
FRATNP,1962,66.989998,France,Hommes,10,ğŸ‡«ğŸ‡·
FRATNP,1963,73.809998,France,Femmes,10,ğŸ‡«ğŸ‡·
FRATNP,1963,66.809998,France,Hommes,10,ğŸ‡«ğŸ‡·
FRATNP,1964,74.82,France,Femmes,10,ğŸ‡«ğŸ‡·
FRATNP,1964,67.68,France,Hommes,10,ğŸ‡«ğŸ‡·
FRATNP,1965,74.720001,France,Femmes,10,ğŸ‡«ğŸ‡·
FRATNP,1965,67.470001,France,Hommes,10,ğŸ‡«ğŸ‡·
FRATNP,1966,75.18,France,Femmes,10,ğŸ‡«ğŸ‡·
FRATNP,1966,67.82,France,Hommes,10,ğŸ‡«ğŸ‡·
FRATNP,1967,75.199997,France,Femmes,10,ğŸ‡«ğŸ‡·
FRATNP,1967,67.790001,France,Hommes,10,ğŸ‡«ğŸ‡·
FRATNP,1968,75.220001,France,Femmes,10,ğŸ‡«ğŸ‡·
FRATNP,1968,67.760002,France,Hommes,10,ğŸ‡«ğŸ‡·
FRATNP,1969,75.050003,France,Femmes,10,ğŸ‡«ğŸ‡·
FRATNP,1969,67.410004,France,Hommes,10,ğŸ‡«ğŸ‡·
FRATNP,1970,75.809998,France,Femmes,10,ğŸ‡«ğŸ‡·
FRATNP,1970,68.370003,France,Hommes,10,ğŸ‡«ğŸ‡·
FRATNP,1971,75.879997,France,Femmes,10,ğŸ‡«ğŸ‡·
FRATNP,1971,68.309998,France,Hommes,10,ğŸ‡«ğŸ‡·
FRATNP,1972,76.190002,France,Femmes,10,ğŸ‡«ğŸ‡·
FRATNP,1972,68.480003,France,Hommes,10,ğŸ‡«ğŸ‡·
FRATNP,1973,76.32,France,Femmes,10,ğŸ‡«ğŸ‡·
FRATNP,1973,68.690002,France,Hommes,10,ğŸ‡«ğŸ‡·
FRATNP,1974,76.75,France,Femmes,10,ğŸ‡«ğŸ‡·
FRATNP,1974,68.93,France,Hommes,10,ğŸ‡«ğŸ‡·
FRATNP,1975,76.870003,France,Femmes,10,ğŸ‡«ğŸ‡·
FRATNP,1975,69.019997,France,Hommes,10,ğŸ‡«ğŸ‡·
FRATNP,1976,77.199997,France,Femmes,10,ğŸ‡«ğŸ‡·
FRATNP,1976,69.150002,France,Hommes,10,ğŸ‡«ğŸ‡·
FRATNP,1977,77.839996,France,Femmes,10,ğŸ‡«ğŸ‡·
FRATNP,1977,69.699997,France,Hommes,10,ğŸ‡«ğŸ‡·
FRATNP,1978,77.959999,France,Femmes,10,ğŸ‡«ğŸ‡·
FRATNP,1978,69.82,France,Hommes,10,ğŸ‡«ğŸ‡·
FRATNP,1979,78.279999,France,Femmes,10,ğŸ‡«ğŸ‡·
FRATNP,1979,70.050003,France,Hommes,10,ğŸ‡«ğŸ‡·
FRATNP,1980,78.400002,France,Femmes,10,ğŸ‡«ğŸ‡·
FRATNP,1980,70.150002,France,Hommes,10,ğŸ‡«ğŸ‡·
FRATNP,1981,78.5,France,Femmes,10,ğŸ‡«ğŸ‡·
FRATNP,1981,70.370003,France,Hommes,10,ğŸ‡«ğŸ‡·
FRATNP,1982,78.889999,France,Femmes,10,ğŸ‡«ğŸ‡·
FRATNP,1982,70.709999,France,Hommes,10,ğŸ‡«ğŸ‡·
FRATNP,1983,78.82,France,Femmes,10,ğŸ‡«ğŸ‡·
FRATNP,1983,70.730003,France,Hommes,10,ğŸ‡«ğŸ‡·
FRATNP,1984,79.349998,France,Femmes,10,ğŸ‡«ğŸ‡·
FRATNP,1984,71.139999,France,Hommes,10,ğŸ‡«ğŸ‡·
FRATNP,1985,79.449997,France,Femmes,10,ğŸ‡«ğŸ‡·
FRATNP,1985,71.239998,France,Hommes,10,ğŸ‡«ğŸ‡·
FRATNP,1986,79.709999,France,Femmes,10,ğŸ‡«ğŸ‡·
FRATNP,1986,71.5,France,Hommes,10,ğŸ‡«ğŸ‡·
FRATNP,1987,80.290001,France,Femmes,10,ğŸ‡«ğŸ‡·
FRATNP,1987,72.029999,France,Hommes,10,ğŸ‡«ğŸ‡·
FRATNP,1988,80.480003,France,Femmes,10,ğŸ‡«ğŸ‡·
FRATNP,1988,72.32,France,Hommes,10,ğŸ‡«ğŸ‡·
FRATNP,1989,80.660004,France,Femmes,10,ğŸ‡«ğŸ‡·
FRATNP,1989,72.449997,France,Hommes,10,ğŸ‡«ğŸ‡·
FRATNP,1990,80.970001,France,Femmes,10,ğŸ‡«ğŸ‡·
FRATNP,1990,72.720001,France,Hommes,10,ğŸ‡«ğŸ‡·
FRATNP,1991,81.169998,France,Femmes,10,ğŸ‡«ğŸ‡·
FRATNP,1991,72.879997,France,Hommes,10,ğŸ‡«ğŸ‡·
FRATNP,1992,81.449997,France,Femmes,10,ğŸ‡«ğŸ‡·
FRATNP,1992,73.150002,France,Hommes,10,ğŸ‡«ğŸ‡·
FRATNP,1993,81.459999,France,Femmes,10,ğŸ‡«ğŸ‡·
FRATNP,1993,73.25,France,Hommes,10,ğŸ‡«ğŸ‡·
FRATNP,1994,81.879997,France,Femmes,10,ğŸ‡«ğŸ‡·
FRATNP,1994,73.639999,France,Hommes,10,ğŸ‡«ğŸ‡·
FRATNP,1995,81.900002,France,Femmes,10,ğŸ‡«ğŸ‡·
FRATNP,1995,73.830002,France,Hommes,10,ğŸ‡«ğŸ‡·
FRATNP,1996,82.050003,France,Femmes,10,ğŸ‡«ğŸ‡·
FRATNP,1996,74.059998,France,Hommes,10,ğŸ‡«ğŸ‡·
FRATNP,1997,82.300003,France,Femmes,10,ğŸ‡«ğŸ‡·
FRATNP,1997,74.510002,France,Hommes,10,ğŸ‡«ğŸ‡·
FRATNP,1998,82.410004,France,Femmes,10,ğŸ‡«ğŸ‡·
FRATNP,1998,74.720001,France,Hommes,10,ğŸ‡«ğŸ‡·
FRATNP,1999,82.510002,France,Femmes,10,ğŸ‡«ğŸ‡·
FRATNP,1999,74.940002,France,Hommes,10,ğŸ‡«ğŸ‡·
FRATNP,2000,82.800003,France,Femmes,10,ğŸ‡«ğŸ‡·
FRATNP,2000,75.239998,France,Hommes,10,ğŸ‡«ğŸ‡·
FRATNP,2001,82.940002,France,Femmes,10,ğŸ‡«ğŸ‡·
FRATNP,2001,75.43,France,Hommes,10,ğŸ‡«ğŸ‡·
FRATNP,2002,83.040001,France,Femmes,10,ğŸ‡«ğŸ‡·
FRATNP,2002,75.699997,France,Hommes,10,ğŸ‡«ğŸ‡·
FRATNP,2003,82.949997,France,Femmes,10,ğŸ‡«ğŸ‡·
FRATNP,2003,75.809998,France,Hommes,10,ğŸ‡«ğŸ‡·
FRATNP,2004,83.870003,France,Femmes,10,ğŸ‡«ğŸ‡·
FRATNP,2004,76.669998,France,Hommes,10,ğŸ‡«ğŸ‡·
FRATNP,2005,83.830002,France,Femmes,10,ğŸ‡«ğŸ‡·
FRATNP,2005,76.720001,France,Hommes,10,ğŸ‡«ğŸ‡·
FRATNP,2006,84.190002,France,Femmes,10,ğŸ‡«ğŸ‡·
FRATNP,2006,77.160004,France,Hommes,10,ğŸ‡«ğŸ‡·
FRATNP,2007,84.400002,France,Femmes,10,ğŸ‡«ğŸ‡·
FRATNP,2007,77.379997,France,Hommes,10,ğŸ‡«ğŸ‡·
FRATNP,2008,84.349998,France,Femmes,10,ğŸ‡«ğŸ‡·
FRATNP,2008,77.589996,France,Hommes,10,ğŸ‡«ğŸ‡·
FRATNP,2009,84.440002,France,Femmes,10,ğŸ‡«ğŸ‡·
FRATNP,2009,77.739998,France,Hommes,10,ğŸ‡«ğŸ‡·
FRATNP,2010,84.68,France,Femmes,10,ğŸ‡«ğŸ‡·
FRATNP,2010,78,France,Hommes,10,ğŸ‡«ğŸ‡·
FRATNP,2011,85.010002,France,Femmes,10,ğŸ‡«ğŸ‡·
FRATNP,2011,78.400002,France,Hommes,10,ğŸ‡«ğŸ‡·
FRATNP,2012,84.870003,France,Femmes,10,ğŸ‡«ğŸ‡·
FRATNP,2012,78.459999,France,Hommes,10,ğŸ‡«ğŸ‡·
FRATNP,2013,85.059998,France,Femmes,10,ğŸ‡«ğŸ‡·
FRATNP,2013,78.730003,France,Hommes,10,ğŸ‡«ğŸ‡·
FRATNP,2014,85.459999,France,Femmes,10,ğŸ‡«ğŸ‡·
FRATNP,2014,79.239998,France,Hommes,10,ğŸ‡«ğŸ‡·
FRATNP,2015,85.169998,France,Femmes,10,ğŸ‡«ğŸ‡·
FRATNP,2015,78.989998,France,Hommes,10,ğŸ‡«ğŸ‡·
FRATNP,2016,85.360001,France,Femmes,10,ğŸ‡«ğŸ‡·
FRATNP,2016,79.290001,France,Hommes,10,ğŸ‡«ğŸ‡·
FRATNP,2017,85.32,France,Femmes,10,ğŸ‡«ğŸ‡·
FRATNP,2017,79.419998,France,Hommes,10,ğŸ‡«ğŸ‡·
FRATNP,2018,85.459999,France,Femmes,10,ğŸ‡«ğŸ‡·
FRATNP,2018,79.540001,France,Hommes,10,ğŸ‡«ğŸ‡·
FRATNP,2019,85.589996,France,Femmes,10,ğŸ‡«ğŸ‡·
FRATNP,2019,79.75,France,Hommes,10,ğŸ‡«ğŸ‡·
FRATNP,2020,85.150002,France,Femmes,10,ğŸ‡«ğŸ‡·
FRATNP,2020,79.18,France,Hommes,10,ğŸ‡«ğŸ‡·
FRATNP,2021,85.309998,France,Femmes,10,ğŸ‡«ğŸ‡·
FRATNP,2021,79.260002,France,Hommes,10,ğŸ‡«ğŸ‡·
FRATNP,2022,85.169998,France,Femmes,10,ğŸ‡«ğŸ‡·
FRATNP,2022,79.360001,France,Hommes,10,ğŸ‡«ğŸ‡·
