PopName,annee,edv,pays,sexe,index
USA,1950,71.01000000000001,Etats-Unis,Femmes,1
USA,1950,65.40000000000001,Etats-Unis,Hommes,1
USA,1951,71.22,Etats-Unis,Femmes,1
USA,1951,65.41,Etats-Unis,Hommes,1
USA,1952,71.5,Etats-Unis,Femmes,1
USA,1952,65.54000000000001,Etats-Unis,Hommes,1
USA,1953,71.91,Etats-Unis,Femmes,1
USA,1953,65.8,Etats-Unis,Hommes,1
USA,1954,72.7,Etats-Unis,Femmes,1
USA,1954,66.56999999999999,Etats-Unis,Hommes,1
USA,1955,72.8,Etats-Unis,Femmes,1
USA,1955,66.58,Etats-Unis,Hommes,1
USA,1956,72.95,Etats-Unis,Femmes,1
USA,1956,66.61,Etats-Unis,Hommes,1
USA,1957,72.73999999999999,Etats-Unis,Femmes,1
USA,1957,66.36,Etats-Unis,Hommes,1
USA,1958,73,Etats-Unis,Femmes,1
USA,1958,66.59999999999999,Etats-Unis,Hommes,1
USA,1959,73.31,Etats-Unis,Femmes,1
USA,1959,66.75,Etats-Unis,Hommes,1
USA,1960,73.3,Etats-Unis,Femmes,1
USA,1960,66.62,Etats-Unis,Hommes,1
USA,1961,73.70999999999999,Etats-Unis,Femmes,1
USA,1961,67.04000000000001,Etats-Unis,Hommes,1
USA,1962,73.59,Etats-Unis,Femmes,1
USA,1962,66.88,Etats-Unis,Hommes,1
USA,1963,73.5,Etats-Unis,Femmes,1
USA,1963,66.63,Etats-Unis,Hommes,1
USA,1964,73.81,Etats-Unis,Femmes,1
USA,1964,66.81999999999999,Etats-Unis,Hommes,1
USA,1965,73.93000000000001,Etats-Unis,Femmes,1
USA,1965,66.8,Etats-Unis,Hommes,1
USA,1966,73.97,Etats-Unis,Femmes,1
USA,1966,66.69,Etats-Unis,Hommes,1
USA,1967,74.33,Etats-Unis,Femmes,1
USA,1967,66.94,Etats-Unis,Hommes,1
USA,1968,74.08,Etats-Unis,Femmes,1
USA,1968,66.55,Etats-Unis,Hommes,1
USA,1969,74.40000000000001,Etats-Unis,Femmes,1
USA,1969,66.77,Etats-Unis,Hommes,1
USA,1970,74.65000000000001,Etats-Unis,Femmes,1
USA,1970,67.02,Etats-Unis,Hommes,1
USA,1971,74.98,Etats-Unis,Femmes,1
USA,1971,67.39,Etats-Unis,Hommes,1
USA,1972,75.11,Etats-Unis,Femmes,1
USA,1972,67.42,Etats-Unis,Hommes,1
USA,1973,75.31999999999999,Etats-Unis,Femmes,1
USA,1973,67.62,Etats-Unis,Hommes,1
USA,1974,75.84999999999999,Etats-Unis,Femmes,1
USA,1974,68.18000000000001,Etats-Unis,Hommes,1
USA,1975,76.45999999999999,Etats-Unis,Femmes,1
USA,1975,68.72,Etats-Unis,Hommes,1
USA,1976,76.68000000000001,Etats-Unis,Femmes,1
USA,1976,69.08,Etats-Unis,Hommes,1
USA,1977,77.09,Etats-Unis,Femmes,1
USA,1977,69.41,Etats-Unis,Hommes,1
USA,1978,77.23,Etats-Unis,Femmes,1
USA,1978,69.62,Etats-Unis,Hommes,1
USA,1979,77.66,Etats-Unis,Femmes,1
USA,1979,70.01000000000001,Etats-Unis,Hommes,1
USA,1980,77.48,Etats-Unis,Femmes,1
USA,1980,69.98,Etats-Unis,Hommes,1
USA,1981,77.8,Etats-Unis,Femmes,1
USA,1981,70.41,Etats-Unis,Hommes,1
USA,1982,78.08,Etats-Unis,Femmes,1
USA,1982,70.8,Etats-Unis,Hommes,1
USA,1983,78.09,Etats-Unis,Femmes,1
USA,1983,70.97,Etats-Unis,Hommes,1
USA,1984,78.17,Etats-Unis,Femmes,1
USA,1984,71.12,Etats-Unis,Hommes,1
USA,1985,78.18000000000001,Etats-Unis,Femmes,1
USA,1985,71.08,Etats-Unis,Hommes,1
USA,1986,78.27,Etats-Unis,Femmes,1
USA,1986,71.14,Etats-Unis,Hommes,1
USA,1987,78.36,Etats-Unis,Femmes,1
USA,1987,71.31,Etats-Unis,Hommes,1
USA,1988,78.31,Etats-Unis,Femmes,1
USA,1988,71.31999999999999,Etats-Unis,Hommes,1
USA,1989,78.56,Etats-Unis,Femmes,1
USA,1989,71.59999999999999,Etats-Unis,Hommes,1
USA,1990,78.84999999999999,Etats-Unis,Femmes,1
USA,1990,71.84999999999999,Etats-Unis,Hommes,1
USA,1991,78.97,Etats-Unis,Femmes,1
USA,1991,72.03,Etats-Unis,Hommes,1
USA,1992,79.18000000000001,Etats-Unis,Femmes,1
USA,1992,72.31999999999999,Etats-Unis,Hommes,1
USA,1993,78.94,Etats-Unis,Femmes,1
USA,1993,72.17,Etats-Unis,Hommes,1
USA,1994,79.06,Etats-Unis,Femmes,1
USA,1994,72.39,Etats-Unis,Hommes,1
USA,1995,79.08,Etats-Unis,Femmes,1
USA,1995,72.59,Etats-Unis,Hommes,1
USA,1996,79.22,Etats-Unis,Femmes,1
USA,1996,73.06999999999999,Etats-Unis,Hommes,1
USA,1997,79.38,Etats-Unis,Femmes,1
USA,1997,73.54000000000001,Etats-Unis,Hommes,1
USA,1998,79.43000000000001,Etats-Unis,Femmes,1
USA,1998,73.81,Etats-Unis,Hommes,1
USA,1999,79.34999999999999,Etats-Unis,Femmes,1
USA,1999,73.92,Etats-Unis,Hommes,1
USA,2000,79.43000000000001,Etats-Unis,Femmes,1
USA,2000,74.12,Etats-Unis,Hommes,1
USA,2001,79.52,Etats-Unis,Femmes,1
USA,2001,74.27,Etats-Unis,Hommes,1
USA,2002,79.58,Etats-Unis,Femmes,1
USA,2002,74.34999999999999,Etats-Unis,Hommes,1
USA,2003,79.7,Etats-Unis,Femmes,1
USA,2003,74.53,Etats-Unis,Hommes,1
USA,2004,80.06,Etats-Unis,Femmes,1
USA,2004,74.95999999999999,Etats-Unis,Hommes,1
USA,2005,80.06999999999999,Etats-Unis,Femmes,1
USA,2005,74.95,Etats-Unis,Hommes,1
USA,2006,80.33,Etats-Unis,Femmes,1
USA,2006,75.23,Etats-Unis,Hommes,1
USA,2007,80.56,Etats-Unis,Femmes,1
USA,2007,75.51000000000001,Etats-Unis,Hommes,1
USA,2008,80.59,Etats-Unis,Femmes,1
USA,2008,75.64,Etats-Unis,Hommes,1
USA,2009,80.91,Etats-Unis,Femmes,1
USA,2009,76.01000000000001,Etats-Unis,Hommes,1
USA,2010,81.06999999999999,Etats-Unis,Femmes,1
USA,2010,76.23999999999999,Etats-Unis,Hommes,1
USA,2011,81.08,Etats-Unis,Femmes,1
USA,2011,76.31999999999999,Etats-Unis,Hommes,1
USA,2012,81.19,Etats-Unis,Femmes,1
USA,2012,76.44,Etats-Unis,Hommes,1
USA,2013,81.19,Etats-Unis,Femmes,1
USA,2013,76.44,Etats-Unis,Hommes,1
USA,2014,81.27,Etats-Unis,Femmes,1
USA,2014,76.48999999999999,Etats-Unis,Hommes,1
USA,2015,81.14,Etats-Unis,Femmes,1
USA,2015,76.33,Etats-Unis,Hommes,1
USA,2016,81.18000000000001,Etats-Unis,Femmes,1
USA,2016,76.23,Etats-Unis,Hommes,1
USA,2017,81.18000000000001,Etats-Unis,Femmes,1
USA,2017,76.18000000000001,Etats-Unis,Hommes,1
USA,2018,81.34,Etats-Unis,Femmes,1
USA,2018,76.33,Etats-Unis,Hommes,1
USA,2019,81.48,Etats-Unis,Femmes,1
USA,2019,76.45999999999999,Etats-Unis,Hommes,1
USA,2020,79.90000000000001,Etats-Unis,Femmes,1
USA,2020,74.36,Etats-Unis,Hommes,1
USA,2021,79.42,Etats-Unis,Femmes,1
USA,2021,73.65000000000001,Etats-Unis,Hommes,1
USA,2022,80.3,Etats-Unis,Femmes,1
USA,2022,74.92,Etats-Unis,Hommes,1
USA,2023,81.2,Etats-Unis,Femmes,1
USA,2023,75.98999999999999,Etats-Unis,Hommes,1
DEUTNP,1990,78.42,Allemagne,Femmes,2
DEUTNP,1990,71.91,Allemagne,Hommes,2
DEUTNP,1991,78.69,Allemagne,Femmes,2
DEUTNP,1991,72.09,Allemagne,Hommes,2
DEUTNP,1992,79.14,Allemagne,Femmes,2
DEUTNP,1992,72.53,Allemagne,Hommes,2
DEUTNP,1993,79.20999999999999,Allemagne,Femmes,2
DEUTNP,1993,72.63,Allemagne,Hommes,2
DEUTNP,1994,79.51000000000001,Allemagne,Femmes,2
DEUTNP,1994,72.95,Allemagne,Hommes,2
DEUTNP,1995,79.69,Allemagne,Femmes,2
DEUTNP,1995,73.12,Allemagne,Hommes,2
DEUTNP,1996,79.86,Allemagne,Femmes,2
DEUTNP,1996,73.42,Allemagne,Hommes,2
DEUTNP,1997,80.27,Allemagne,Femmes,2
DEUTNP,1997,73.88,Allemagne,Hommes,2
DEUTNP,1998,80.54000000000001,Allemagne,Femmes,2
DEUTNP,1998,74.31999999999999,Allemagne,Hommes,2
DEUTNP,1999,80.75,Allemagne,Femmes,2
DEUTNP,1999,74.58,Allemagne,Hommes,2
DEUTNP,2000,80.98999999999999,Allemagne,Femmes,2
DEUTNP,2000,74.86,Allemagne,Hommes,2
DEUTNP,2001,81.27,Allemagne,Femmes,2
DEUTNP,2001,75.28,Allemagne,Hommes,2
DEUTNP,2002,81.28,Allemagne,Femmes,2
DEUTNP,2002,75.44,Allemagne,Hommes,2
DEUTNP,2003,81.37,Allemagne,Femmes,2
DEUTNP,2003,75.51000000000001,Allemagne,Hommes,2
DEUTNP,2004,81.89,Allemagne,Femmes,2
DEUTNP,2004,76.15000000000001,Allemagne,Hommes,2
DEUTNP,2005,81.95999999999999,Allemagne,Femmes,2
DEUTNP,2005,76.36,Allemagne,Hommes,2
DEUTNP,2006,82.23999999999999,Allemagne,Femmes,2
DEUTNP,2006,76.75,Allemagne,Hommes,2
DEUTNP,2007,82.40000000000001,Allemagne,Femmes,2
DEUTNP,2007,76.91,Allemagne,Hommes,2
DEUTNP,2008,82.39,Allemagne,Femmes,2
DEUTNP,2008,77.09999999999999,Allemagne,Hommes,2
DEUTNP,2009,82.48,Allemagne,Femmes,2
DEUTNP,2009,77.23,Allemagne,Hommes,2
DEUTNP,2010,82.62,Allemagne,Femmes,2
DEUTNP,2010,77.43000000000001,Allemagne,Hommes,2
DEUTNP,2011,82.81999999999999,Allemagne,Femmes,2
DEUTNP,2011,77.77,Allemagne,Hommes,2
DEUTNP,2012,82.94,Allemagne,Femmes,2
DEUTNP,2012,77.95999999999999,Allemagne,Hommes,2
DEUTNP,2013,82.86,Allemagne,Femmes,2
DEUTNP,2013,77.98,Allemagne,Hommes,2
DEUTNP,2014,83.33,Allemagne,Femmes,2
DEUTNP,2014,78.43000000000001,Allemagne,Hommes,2
DEUTNP,2015,82.97,Allemagne,Femmes,2
DEUTNP,2015,78.13,Allemagne,Hommes,2
DEUTNP,2016,83.26000000000001,Allemagne,Femmes,2
DEUTNP,2016,78.38,Allemagne,Hommes,2
DEUTNP,2017,83.29000000000001,Allemagne,Femmes,2
DEUTNP,2017,78.56,Allemagne,Hommes,2
DEUTNP,2018,83.23,Allemagne,Femmes,2
DEUTNP,2018,78.51000000000001,Allemagne,Hommes,2
DEUTNP,2019,83.54000000000001,Allemagne,Femmes,2
DEUTNP,2019,78.83,Allemagne,Hommes,2
DEUTNP,2020,83.43000000000001,Allemagne,Femmes,2
DEUTNP,2020,78.59999999999999,Allemagne,Hommes,2
ESP,1950,64.16,Espagne,Femmes,4
ESP,1950,59.29,Espagne,Hommes,4
ESP,1951,63.83,Espagne,Femmes,4
ESP,1951,59.1,Espagne,Hommes,4
ESP,1952,67.03,Espagne,Femmes,4
ESP,1952,62.55,Espagne,Hommes,4
ESP,1953,67.90000000000001,Espagne,Femmes,4
ESP,1953,63.49,Espagne,Hommes,4
ESP,1954,69.08,Espagne,Femmes,4
ESP,1954,64.64,Espagne,Hommes,4
ESP,1955,68.95,Espagne,Femmes,4
ESP,1955,64.38,Espagne,Hommes,4
ESP,1956,69.03,Espagne,Femmes,4
ESP,1956,64.39,Espagne,Hommes,4
ESP,1957,68.90000000000001,Espagne,Femmes,4
ESP,1957,64.16,Espagne,Hommes,4
ESP,1958,71.06999999999999,Espagne,Femmes,4
ESP,1958,66.40000000000001,Espagne,Hommes,4
ESP,1959,71.08,Espagne,Femmes,4
ESP,1959,66.23999999999999,Espagne,Hommes,4
ESP,1960,71.66,Espagne,Femmes,4
ESP,1960,66.67,Espagne,Hommes,4
ESP,1961,71.95999999999999,Espagne,Femmes,4
ESP,1961,67.08,Espagne,Hommes,4
ESP,1962,72.06999999999999,Espagne,Femmes,4
ESP,1962,67.08,Espagne,Hommes,4
ESP,1963,72.36,Espagne,Femmes,4
ESP,1963,67.12,Espagne,Hommes,4
ESP,1964,73.13,Espagne,Femmes,4
ESP,1964,67.78,Espagne,Hommes,4
ESP,1965,73.56,Espagne,Femmes,4
ESP,1965,68.17,Espagne,Hommes,4
ESP,1966,73.78,Espagne,Femmes,4
ESP,1966,68.45999999999999,Espagne,Hommes,4
ESP,1967,74.06,Espagne,Femmes,4
ESP,1967,68.56999999999999,Espagne,Hommes,4
ESP,1968,74.37,Espagne,Femmes,4
ESP,1968,68.87,Espagne,Hommes,4
ESP,1969,73.88,Espagne,Femmes,4
ESP,1969,68.34,Espagne,Hommes,4
ESP,1970,74.87,Espagne,Femmes,4
ESP,1970,69.31999999999999,Espagne,Hommes,4
ESP,1971,74.56,Espagne,Femmes,4
ESP,1971,68.84,Espagne,Hommes,4
ESP,1972,75.64,Espagne,Femmes,4
ESP,1972,70.15000000000001,Espagne,Hommes,4
ESP,1973,75.52,Espagne,Femmes,4
ESP,1973,69.84999999999999,Espagne,Hommes,4
ESP,1974,75.93000000000001,Espagne,Femmes,4
ESP,1974,70.17,Espagne,Hommes,4
ESP,1975,76.34999999999999,Espagne,Femmes,4
ESP,1975,70.54000000000001,Espagne,Hommes,4
ESP,1976,76.70999999999999,Espagne,Femmes,4
ESP,1976,70.81,Espagne,Hommes,4
ESP,1977,77.23,Espagne,Femmes,4
ESP,1977,71.28,Espagne,Hommes,4
ESP,1978,77.48,Espagne,Femmes,4
ESP,1978,71.42,Espagne,Hommes,4
ESP,1979,78.05,Espagne,Femmes,4
ESP,1979,71.84,Espagne,Hommes,4
ESP,1980,78.55,Espagne,Femmes,4
ESP,1980,72.39,Espagne,Hommes,4
ESP,1981,78.77,Espagne,Femmes,4
ESP,1981,72.53,Espagne,Hommes,4
ESP,1982,79.34999999999999,Espagne,Femmes,4
ESP,1982,73.17,Espagne,Hommes,4
ESP,1983,79.13,Espagne,Femmes,4
ESP,1983,72.95999999999999,Espagne,Hommes,4
ESP,1984,79.68000000000001,Espagne,Femmes,4
ESP,1984,73.2,Espagne,Hommes,4
ESP,1985,79.66,Espagne,Femmes,4
ESP,1985,73.09999999999999,Espagne,Hommes,4
ESP,1986,79.89,Espagne,Femmes,4
ESP,1986,73.44,Espagne,Hommes,4
ESP,1987,80.23999999999999,Espagne,Femmes,4
ESP,1987,73.61,Espagne,Hommes,4
ESP,1988,80.29000000000001,Espagne,Femmes,4
ESP,1988,73.56,Espagne,Hommes,4
ESP,1989,80.5,Espagne,Femmes,4
ESP,1989,73.47,Espagne,Hommes,4
ESP,1990,80.56,Espagne,Femmes,4
ESP,1990,73.43000000000001,Espagne,Hommes,4
ESP,1991,80.75,Espagne,Femmes,4
ESP,1991,73.51000000000001,Espagne,Hommes,4
ESP,1992,81.26000000000001,Espagne,Femmes,4
ESP,1992,73.91,Espagne,Hommes,4
ESP,1993,81.34,Espagne,Femmes,4
ESP,1993,74.11,Espagne,Hommes,4
ESP,1994,81.72,Espagne,Femmes,4
ESP,1994,74.5,Espagne,Hommes,4
ESP,1995,81.84,Espagne,Femmes,4
ESP,1995,74.56,Espagne,Hommes,4
ESP,1996,82,Espagne,Femmes,4
ESP,1996,74.69,Espagne,Hommes,4
ESP,1997,82.34999999999999,Espagne,Femmes,4
ESP,1997,75.33,Espagne,Hommes,4
ESP,1998,82.42,Espagne,Femmes,4
ESP,1998,75.45,Espagne,Hommes,4
ESP,1999,82.43000000000001,Espagne,Femmes,4
ESP,1999,75.45999999999999,Espagne,Hommes,4
ESP,2000,82.84999999999999,Espagne,Femmes,4
ESP,2000,75.97,Espagne,Hommes,4
ESP,2001,83.16,Espagne,Femmes,4
ESP,2001,76.29000000000001,Espagne,Hommes,4
ESP,2002,83.23999999999999,Espagne,Femmes,4
ESP,2002,76.39,Espagne,Hommes,4
ESP,2003,83.06999999999999,Espagne,Femmes,4
ESP,2003,76.42,Espagne,Hommes,4
ESP,2004,83.65000000000001,Espagne,Femmes,4
ESP,2004,76.98,Espagne,Hommes,4
ESP,2005,83.61,Espagne,Femmes,4
ESP,2005,77.02,Espagne,Hommes,4
ESP,2006,84.2,Espagne,Femmes,4
ESP,2006,77.69,Espagne,Hommes,4
ESP,2007,84.16,Espagne,Femmes,4
ESP,2007,77.75,Espagne,Hommes,4
ESP,2008,84.34,Espagne,Femmes,4
ESP,2008,78.18000000000001,Espagne,Hommes,4
ESP,2009,84.64,Espagne,Femmes,4
ESP,2009,78.56999999999999,Espagne,Hommes,4
ESP,2010,84.98999999999999,Espagne,Femmes,4
ESP,2010,78.97,Espagne,Hommes,4
ESP,2011,85.08,Espagne,Femmes,4
ESP,2011,79.22,Espagne,Hommes,4
ESP,2012,85.05,Espagne,Femmes,4
ESP,2012,79.28,Espagne,Hommes,4
ESP,2013,85.48,Espagne,Femmes,4
ESP,2013,79.81999999999999,Espagne,Hommes,4
ESP,2014,85.58,Espagne,Femmes,4
ESP,2014,80,Espagne,Hommes,4
ESP,2015,85.34999999999999,Espagne,Femmes,4
ESP,2015,79.81,Espagne,Hommes,4
ESP,2016,85.76000000000001,Espagne,Femmes,4
ESP,2016,80.17,Espagne,Hommes,4
ESP,2017,85.66,Espagne,Femmes,4
ESP,2017,80.23999999999999,Espagne,Hommes,4
ESP,2018,85.79000000000001,Espagne,Femmes,4
ESP,2018,80.34,Espagne,Hommes,4
ESP,2019,86.16,Espagne,Femmes,4
ESP,2019,80.73,Espagne,Hommes,4
ESP,2020,85.01000000000001,Espagne,Femmes,4
ESP,2020,79.47,Espagne,Hommes,4
ESP,2021,85.79000000000001,Espagne,Femmes,4
ESP,2021,80.15000000000001,Espagne,Hommes,4
ESP,2022,85.70999999999999,Espagne,Femmes,4
ESP,2022,80.31999999999999,Espagne,Hommes,4
ESP,2023,86.33,Espagne,Femmes,4
ESP,2023,81.06999999999999,Espagne,Hommes,4
GBR_NP,1950,70.92,Royaume-Uni,Femmes,5
GBR_NP,1950,66.23999999999999,Royaume-Uni,Hommes,5
GBR_NP,1951,70.68000000000001,Royaume-Uni,Femmes,5
GBR_NP,1951,65.70999999999999,Royaume-Uni,Hommes,5
GBR_NP,1952,72.11,Royaume-Uni,Femmes,5
GBR_NP,1952,66.83,Royaume-Uni,Hommes,5
GBR_NP,1953,72.36,Royaume-Uni,Femmes,5
GBR_NP,1953,67.12,Royaume-Uni,Hommes,5
GBR_NP,1954,72.81,Royaume-Uni,Femmes,5
GBR_NP,1954,67.41,Royaume-Uni,Hommes,5
GBR_NP,1955,72.77,Royaume-Uni,Femmes,5
GBR_NP,1955,67.37,Royaume-Uni,Hommes,5
GBR_NP,1956,73.09999999999999,Royaume-Uni,Femmes,5
GBR_NP,1956,67.59,Royaume-Uni,Hommes,5
GBR_NP,1957,73.31999999999999,Royaume-Uni,Femmes,5
GBR_NP,1957,67.61,Royaume-Uni,Hommes,5
GBR_NP,1958,73.48999999999999,Royaume-Uni,Femmes,5
GBR_NP,1958,67.79000000000001,Royaume-Uni,Hommes,5
GBR_NP,1959,73.59999999999999,Royaume-Uni,Femmes,5
GBR_NP,1959,67.92,Royaume-Uni,Hommes,5
GBR_NP,1960,73.88,Royaume-Uni,Femmes,5
GBR_NP,1960,68.04000000000001,Royaume-Uni,Hommes,5
GBR_NP,1961,73.65000000000001,Royaume-Uni,Femmes,5
GBR_NP,1961,67.81,Royaume-Uni,Hommes,5
GBR_NP,1962,73.79000000000001,Royaume-Uni,Femmes,5
GBR_NP,1962,67.83,Royaume-Uni,Hommes,5
GBR_NP,1963,73.72,Royaume-Uni,Femmes,5
GBR_NP,1963,67.70999999999999,Royaume-Uni,Hommes,5
GBR_NP,1964,74.56,Royaume-Uni,Femmes,5
GBR_NP,1964,68.41,Royaume-Uni,Hommes,5
GBR_NP,1965,74.58,Royaume-Uni,Femmes,5
GBR_NP,1965,68.36,Royaume-Uni,Hommes,5
GBR_NP,1966,74.5,Royaume-Uni,Femmes,5
GBR_NP,1966,68.28,Royaume-Uni,Hommes,5
GBR_NP,1967,75.09,Royaume-Uni,Femmes,5
GBR_NP,1967,68.94,Royaume-Uni,Hommes,5
GBR_NP,1968,74.72,Royaume-Uni,Femmes,5
GBR_NP,1968,68.56,Royaume-Uni,Hommes,5
GBR_NP,1969,74.78,Royaume-Uni,Femmes,5
GBR_NP,1969,68.47,Royaume-Uni,Hommes,5
GBR_NP,1970,74.98999999999999,Royaume-Uni,Femmes,5
GBR_NP,1970,68.69,Royaume-Uni,Hommes,5
GBR_NP,1971,75.33,Royaume-Uni,Femmes,5
GBR_NP,1971,69.05,Royaume-Uni,Hommes,5
GBR_NP,1972,75.06999999999999,Royaume-Uni,Femmes,5
GBR_NP,1972,68.84,Royaume-Uni,Hommes,5
GBR_NP,1973,75.28,Royaume-Uni,Femmes,5
GBR_NP,1973,69.01000000000001,Royaume-Uni,Hommes,5
GBR_NP,1974,75.45,Royaume-Uni,Femmes,5
GBR_NP,1974,69.22,Royaume-Uni,Hommes,5
GBR_NP,1975,75.70999999999999,Royaume-Uni,Femmes,5
GBR_NP,1975,69.51000000000001,Royaume-Uni,Hommes,5
GBR_NP,1976,75.68000000000001,Royaume-Uni,Femmes,5
GBR_NP,1976,69.53,Royaume-Uni,Hommes,5
GBR_NP,1977,76.14,Royaume-Uni,Femmes,5
GBR_NP,1977,70,Royaume-Uni,Hommes,5
GBR_NP,1978,76.06999999999999,Royaume-Uni,Femmes,5
GBR_NP,1978,69.94,Royaume-Uni,Hommes,5
GBR_NP,1979,76.19,Royaume-Uni,Femmes,5
GBR_NP,1979,70.06,Royaume-Uni,Hommes,5
GBR_NP,1980,76.56999999999999,Royaume-Uni,Femmes,5
GBR_NP,1980,70.51000000000001,Royaume-Uni,Hommes,5
GBR_NP,1981,76.88,Royaume-Uni,Femmes,5
GBR_NP,1981,70.84999999999999,Royaume-Uni,Hommes,5
GBR_NP,1982,76.94,Royaume-Uni,Femmes,5
GBR_NP,1982,71.03,Royaume-Uni,Hommes,5
GBR_NP,1983,77.22,Royaume-Uni,Femmes,5
GBR_NP,1983,71.27,Royaume-Uni,Hommes,5
GBR_NP,1984,77.55,Royaume-Uni,Femmes,5
GBR_NP,1984,71.68000000000001,Royaume-Uni,Hommes,5
GBR_NP,1985,77.36,Royaume-Uni,Femmes,5
GBR_NP,1985,71.61,Royaume-Uni,Hommes,5
GBR_NP,1986,77.67,Royaume-Uni,Femmes,5
GBR_NP,1986,71.81999999999999,Royaume-Uni,Hommes,5
GBR_NP,1987,77.95999999999999,Royaume-Uni,Femmes,5
GBR_NP,1987,72.20999999999999,Royaume-Uni,Hommes,5
GBR_NP,1988,78.06,Royaume-Uni,Femmes,5
GBR_NP,1988,72.34,Royaume-Uni,Hommes,5
GBR_NP,1989,78.08,Royaume-Uni,Femmes,5
GBR_NP,1989,72.58,Royaume-Uni,Hommes,5
GBR_NP,1990,78.5,Royaume-Uni,Femmes,5
GBR_NP,1990,72.84,Royaume-Uni,Hommes,5
GBR_NP,1991,78.61,Royaume-Uni,Femmes,5
GBR_NP,1991,73.08,Royaume-Uni,Hommes,5
GBR_NP,1992,78.95999999999999,Royaume-Uni,Femmes,5
GBR_NP,1992,73.51000000000001,Royaume-Uni,Hommes,5
GBR_NP,1993,78.77,Royaume-Uni,Femmes,5
GBR_NP,1993,73.44,Royaume-Uni,Hommes,5
GBR_NP,1994,79.31,Royaume-Uni,Femmes,5
GBR_NP,1994,73.98999999999999,Royaume-Uni,Hommes,5
GBR_NP,1995,79.19,Royaume-Uni,Femmes,5
GBR_NP,1995,73.93000000000001,Royaume-Uni,Hommes,5
GBR_NP,1996,79.40000000000001,Royaume-Uni,Femmes,5
GBR_NP,1996,74.22,Royaume-Uni,Hommes,5
GBR_NP,1997,79.58,Royaume-Uni,Femmes,5
GBR_NP,1997,74.56999999999999,Royaume-Uni,Hommes,5
GBR_NP,1998,79.72,Royaume-Uni,Femmes,5
GBR_NP,1998,74.72,Royaume-Uni,Hommes,5
GBR_NP,1999,79.76000000000001,Royaume-Uni,Femmes,5
GBR_NP,1999,74.87,Royaume-Uni,Hommes,5
GBR_NP,2000,80.19,Royaume-Uni,Femmes,5
GBR_NP,2000,75.38,Royaume-Uni,Hommes,5
GBR_NP,2001,80.42,Royaume-Uni,Femmes,5
GBR_NP,2001,75.69,Royaume-Uni,Hommes,5
GBR_NP,2002,80.51000000000001,Royaume-Uni,Femmes,5
GBR_NP,2002,75.84,Royaume-Uni,Hommes,5
GBR_NP,2003,80.48999999999999,Royaume-Uni,Femmes,5
GBR_NP,2003,76.06,Royaume-Uni,Hommes,5
GBR_NP,2004,81.05,Royaume-Uni,Femmes,5
GBR_NP,2004,76.62,Royaume-Uni,Hommes,5
GBR_NP,2005,81.19,Royaume-Uni,Femmes,5
GBR_NP,2005,76.89,Royaume-Uni,Hommes,5
GBR_NP,2006,81.47,Royaume-Uni,Femmes,5
GBR_NP,2006,77.09999999999999,Royaume-Uni,Hommes,5
GBR_NP,2007,81.61,Royaume-Uni,Femmes,5
GBR_NP,2007,77.34,Royaume-Uni,Hommes,5
GBR_NP,2008,81.66,Royaume-Uni,Femmes,5
GBR_NP,2008,77.53,Royaume-Uni,Hommes,5
GBR_NP,2009,82.18000000000001,Royaume-Uni,Femmes,5
GBR_NP,2009,78,Royaume-Uni,Hommes,5
GBR_NP,2010,82.31999999999999,Royaume-Uni,Femmes,5
GBR_NP,2010,78.33,Royaume-Uni,Hommes,5
GBR_NP,2011,82.7,Royaume-Uni,Femmes,5
GBR_NP,2011,78.75,Royaume-Uni,Hommes,5
GBR_NP,2012,82.64,Royaume-Uni,Femmes,5
GBR_NP,2012,78.93000000000001,Royaume-Uni,Hommes,5
GBR_NP,2013,82.73999999999999,Royaume-Uni,Femmes,5
GBR_NP,2013,78.97,Royaume-Uni,Hommes,5
GBR_NP,2014,82.95999999999999,Royaume-Uni,Femmes,5
GBR_NP,2014,79.20999999999999,Royaume-Uni,Hommes,5
GBR_NP,2015,82.69,Royaume-Uni,Femmes,5
GBR_NP,2015,79,Royaume-Uni,Hommes,5
GBR_NP,2016,82.83,Royaume-Uni,Femmes,5
GBR_NP,2016,79.15000000000001,Royaume-Uni,Hommes,5
GBR_NP,2017,82.94,Royaume-Uni,Femmes,5
GBR_NP,2017,79.22,Royaume-Uni,Hommes,5
GBR_NP,2018,82.89,Royaume-Uni,Femmes,5
GBR_NP,2018,79.18000000000001,Royaume-Uni,Hommes,5
GBR_NP,2019,83.20999999999999,Royaume-Uni,Femmes,5
GBR_NP,2019,79.47,Royaume-Uni,Hommes,5
GBR_NP,2020,82.37,Royaume-Uni,Femmes,5
GBR_NP,2020,78.3,Royaume-Uni,Hommes,5
GBR_NP,2021,82.53,Royaume-Uni,Femmes,5
GBR_NP,2021,78.47,Royaume-Uni,Hommes,5
GBR_NP,2022,82.86,Royaume-Uni,Femmes,5
GBR_NP,2022,79.02,Royaume-Uni,Hommes,5
ITA,1950,67.43000000000001,Italie,Femmes,6
ITA,1950,63.94,Italie,Hommes,6
ITA,1951,67.05,Italie,Femmes,6
ITA,1951,63.52,Italie,Hommes,6
ITA,1952,67.69,Italie,Femmes,6
ITA,1952,64.06999999999999,Italie,Hommes,6
ITA,1953,68.39,Italie,Femmes,6
ITA,1953,64.7,Italie,Hommes,6
ITA,1954,69.88,Italie,Femmes,6
ITA,1954,65.78,Italie,Hommes,6
ITA,1955,70.36,Italie,Femmes,6
ITA,1955,66.08,Italie,Hommes,6
ITA,1956,69.81,Italie,Femmes,6
ITA,1956,65.42,Italie,Hommes,6
ITA,1957,70.09,Italie,Femmes,6
ITA,1957,65.42,Italie,Hommes,6
ITA,1958,71.18000000000001,Italie,Femmes,6
ITA,1958,66.47,Italie,Hommes,6
ITA,1959,71.64,Italie,Femmes,6
ITA,1959,66.91,Italie,Hommes,6
ITA,1960,71.69,Italie,Femmes,6
ITA,1960,66.68000000000001,Italie,Hommes,6
ITA,1961,72.45,Italie,Femmes,6
ITA,1961,67.14,Italie,Hommes,6
ITA,1962,71.88,Italie,Femmes,6
ITA,1962,66.53,Italie,Hommes,6
ITA,1963,72.05,Italie,Femmes,6
ITA,1963,66.55,Italie,Hommes,6
ITA,1964,73.17,Italie,Femmes,6
ITA,1964,67.56999999999999,Italie,Hommes,6
ITA,1965,73.05,Italie,Femmes,6
ITA,1965,67.45,Italie,Hommes,6
ITA,1966,73.81,Italie,Femmes,6
ITA,1966,68.15000000000001,Italie,Hommes,6
ITA,1967,73.81999999999999,Italie,Femmes,6
ITA,1967,68.20999999999999,Italie,Hommes,6
ITA,1968,73.73,Italie,Femmes,6
ITA,1968,67.98999999999999,Italie,Hommes,6
ITA,1969,73.86,Italie,Femmes,6
ITA,1969,67.87,Italie,Hommes,6
ITA,1970,74.54000000000001,Italie,Femmes,6
ITA,1970,68.7,Italie,Hommes,6
ITA,1971,74.87,Italie,Femmes,6
ITA,1971,68.87,Italie,Hommes,6
ITA,1972,75.2,Italie,Femmes,6
ITA,1972,69.08,Italie,Hommes,6
ITA,1973,75.12,Italie,Femmes,6
ITA,1973,69.08,Italie,Hommes,6
ITA,1974,75.90000000000001,Italie,Femmes,6
ITA,1974,69.69,Italie,Hommes,6
ITA,1975,75.91,Italie,Femmes,6
ITA,1975,69.55,Italie,Hommes,6
ITA,1976,76.27,Italie,Femmes,6
ITA,1976,69.86,Italie,Hommes,6
ITA,1977,76.73,Italie,Femmes,6
ITA,1977,70.14,Italie,Hommes,6
ITA,1978,77.13,Italie,Femmes,6
ITA,1978,70.42,Italie,Hommes,6
ITA,1979,77.48,Italie,Femmes,6
ITA,1979,70.72,Italie,Hommes,6
ITA,1980,77.42,Italie,Femmes,6
ITA,1980,70.67,Italie,Hommes,6
ITA,1981,77.75,Italie,Femmes,6
ITA,1981,71.09,Italie,Hommes,6
ITA,1982,78.18000000000001,Italie,Femmes,6
ITA,1982,71.59,Italie,Hommes,6
ITA,1983,77.98999999999999,Italie,Femmes,6
ITA,1983,71.44,Italie,Hommes,6
ITA,1984,78.77,Italie,Femmes,6
ITA,1984,72.16,Italie,Hommes,6
ITA,1985,78.83,Italie,Femmes,6
ITA,1985,72.31,Italie,Hommes,6
ITA,1986,79.12,Italie,Femmes,6
ITA,1986,72.62,Italie,Hommes,6
ITA,1987,79.56,Italie,Femmes,6
ITA,1987,73.02,Italie,Hommes,6
ITA,1988,79.72,Italie,Femmes,6
ITA,1988,73.23,Italie,Hommes,6
ITA,1989,80.15000000000001,Italie,Femmes,6
ITA,1989,73.59,Italie,Hommes,6
ITA,1990,80.25,Italie,Femmes,6
ITA,1990,73.63,Italie,Hommes,6
ITA,1991,80.3,Italie,Femmes,6
ITA,1991,73.59,Italie,Hommes,6
ITA,1992,80.66,Italie,Femmes,6
ITA,1992,73.97,Italie,Hommes,6
ITA,1993,80.83,Italie,Femmes,6
ITA,1993,74.36,Italie,Hommes,6
ITA,1994,81.06999999999999,Italie,Femmes,6
ITA,1994,74.56,Italie,Hommes,6
ITA,1995,81.33,Italie,Femmes,6
ITA,1995,74.78,Italie,Hommes,6
ITA,1996,81.54000000000001,Italie,Femmes,6
ITA,1996,75.18000000000001,Italie,Hommes,6
ITA,1997,81.78,Italie,Femmes,6
ITA,1997,75.54000000000001,Italie,Hommes,6
ITA,1998,81.81999999999999,Italie,Femmes,6
ITA,1998,75.64,Italie,Hommes,6
ITA,1999,82.19,Italie,Femmes,6
ITA,1999,76.06,Italie,Hommes,6
ITA,2000,82.5,Italie,Femmes,6
ITA,2000,76.53,Italie,Hommes,6
ITA,2001,82.79000000000001,Italie,Femmes,6
ITA,2001,76.79000000000001,Italie,Hommes,6
ITA,2002,82.95999999999999,Italie,Femmes,6
ITA,2002,77.08,Italie,Hommes,6
ITA,2003,82.87,Italie,Femmes,6
ITA,2003,77.31999999999999,Italie,Hommes,6
ITA,2004,83.76000000000001,Italie,Femmes,6
ITA,2004,78.06,Italie,Hommes,6
ITA,2005,83.67,Italie,Femmes,6
ITA,2005,78.16,Italie,Hommes,6
ITA,2006,84.05,Italie,Femmes,6
ITA,2006,78.56,Italie,Hommes,6
ITA,2007,84.04000000000001,Italie,Femmes,6
ITA,2007,78.73999999999999,Italie,Hommes,6
ITA,2008,84.14,Italie,Femmes,6
ITA,2008,78.95,Italie,Hommes,6
ITA,2009,84.18000000000001,Italie,Femmes,6
ITA,2009,79.14,Italie,Hommes,6
ITA,2010,84.52,Italie,Femmes,6
ITA,2010,79.54000000000001,Italie,Hommes,6
ITA,2011,84.56,Italie,Femmes,6
ITA,2011,79.7,Italie,Hommes,6
ITA,2012,84.51000000000001,Italie,Femmes,6
ITA,2012,79.8,Italie,Hommes,6
ITA,2013,84.90000000000001,Italie,Femmes,6
ITA,2013,80.2,Italie,Hommes,6
ITA,2014,85.11,Italie,Femmes,6
ITA,2014,80.48999999999999,Italie,Hommes,6
ITA,2015,84.65000000000001,Italie,Femmes,6
ITA,2015,80.22,Italie,Hommes,6
ITA,2016,85.18000000000001,Italie,Femmes,6
ITA,2016,80.73,Italie,Hommes,6
ITA,2017,84.86,Italie,Femmes,6
ITA,2017,80.45,Italie,Hommes,6
ITA,2018,85.28,Italie,Femmes,6
ITA,2018,80.95,Italie,Hommes,6
ITA,2019,85.41,Italie,Femmes,6
ITA,2019,81.14,Italie,Hommes,6
ITA,2020,84.47,Italie,Femmes,6
ITA,2020,79.84999999999999,Italie,Hommes,6
ITA,2021,84.72,Italie,Femmes,6
ITA,2021,80.27,Italie,Hommes,6
ITA,2022,84.73999999999999,Italie,Femmes,6
ITA,2022,80.54000000000001,Italie,Hommes,6
DNK,1950,71.52,Danemark,Femmes,7
DNK,1950,69.11,Danemark,Hommes,7
DNK,1951,72.15000000000001,Danemark,Femmes,7
DNK,1951,69.70999999999999,Danemark,Hommes,7
DNK,1952,72.15000000000001,Danemark,Femmes,7
DNK,1952,69.39,Danemark,Hommes,7
DNK,1953,72.47,Danemark,Femmes,7
DNK,1953,69.88,Danemark,Hommes,7
DNK,1954,72.81,Danemark,Femmes,7
DNK,1954,69.89,Danemark,Hommes,7
DNK,1955,73.45999999999999,Danemark,Femmes,7
DNK,1955,70.39,Danemark,Hommes,7
DNK,1956,73.70999999999999,Danemark,Femmes,7
DNK,1956,70.40000000000001,Danemark,Hommes,7
DNK,1957,73.48999999999999,Danemark,Femmes,7
DNK,1957,70.15000000000001,Danemark,Hommes,7
DNK,1958,74.03,Danemark,Femmes,7
DNK,1958,70.48,Danemark,Hommes,7
DNK,1959,73.87,Danemark,Femmes,7
DNK,1959,70.59,Danemark,Hommes,7
DNK,1960,73.98999999999999,Danemark,Femmes,7
DNK,1960,70.43000000000001,Danemark,Hommes,7
DNK,1961,74.38,Danemark,Femmes,7
DNK,1961,70.56,Danemark,Hommes,7
DNK,1962,74.44,Danemark,Femmes,7
DNK,1962,70.31999999999999,Danemark,Hommes,7
DNK,1963,74.48,Danemark,Femmes,7
DNK,1963,70.41,Danemark,Hommes,7
DNK,1964,74.8,Danemark,Femmes,7
DNK,1964,70.29000000000001,Danemark,Hommes,7
DNK,1965,74.65000000000001,Danemark,Femmes,7
DNK,1965,70.19,Danemark,Hommes,7
DNK,1966,74.79000000000001,Danemark,Femmes,7
DNK,1966,70.20999999999999,Danemark,Hommes,7
DNK,1967,75.36,Danemark,Femmes,7
DNK,1967,70.62,Danemark,Hommes,7
DNK,1968,75.58,Danemark,Femmes,7
DNK,1968,70.78,Danemark,Hommes,7
DNK,1969,75.7,Danemark,Femmes,7
DNK,1969,70.86,Danemark,Hommes,7
DNK,1970,75.92,Danemark,Femmes,7
DNK,1970,70.87,Danemark,Hommes,7
DNK,1971,76.16,Danemark,Femmes,7
DNK,1971,70.8,Danemark,Hommes,7
DNK,1972,76.22,Danemark,Femmes,7
DNK,1972,70.81,Danemark,Hommes,7
DNK,1973,76.53,Danemark,Femmes,7
DNK,1973,70.97,Danemark,Hommes,7
DNK,1974,76.81999999999999,Danemark,Femmes,7
DNK,1974,70.94,Danemark,Hommes,7
DNK,1975,77,Danemark,Femmes,7
DNK,1975,71.29000000000001,Danemark,Hommes,7
DNK,1976,76.7,Danemark,Femmes,7
DNK,1976,70.93000000000001,Danemark,Hommes,7
DNK,1977,77.67,Danemark,Femmes,7
DNK,1977,71.73,Danemark,Hommes,7
DNK,1978,77.42,Danemark,Femmes,7
DNK,1978,71.52,Danemark,Hommes,7
DNK,1979,77.41,Danemark,Femmes,7
DNK,1979,71.2,Danemark,Hommes,7
DNK,1980,77.18000000000001,Danemark,Femmes,7
DNK,1980,71.18000000000001,Danemark,Hommes,7
DNK,1981,77.36,Danemark,Femmes,7
DNK,1981,71.25,Danemark,Hommes,7
DNK,1982,77.65000000000001,Danemark,Femmes,7
DNK,1982,71.59999999999999,Danemark,Hommes,7
DNK,1983,77.55,Danemark,Femmes,7
DNK,1983,71.44,Danemark,Hommes,7
DNK,1984,77.62,Danemark,Femmes,7
DNK,1984,71.66,Danemark,Hommes,7
DNK,1985,77.48,Danemark,Femmes,7
DNK,1985,71.53,Danemark,Hommes,7
DNK,1986,77.53,Danemark,Femmes,7
DNK,1986,71.77,Danemark,Hommes,7
DNK,1987,77.79000000000001,Danemark,Femmes,7
DNK,1987,71.75,Danemark,Hommes,7
DNK,1988,77.64,Danemark,Femmes,7
DNK,1988,72.04000000000001,Danemark,Hommes,7
DNK,1989,77.76000000000001,Danemark,Femmes,7
DNK,1989,71.98999999999999,Danemark,Hommes,7
DNK,1990,77.73,Danemark,Femmes,7
DNK,1990,72.02,Danemark,Hommes,7
DNK,1991,77.98,Danemark,Femmes,7
DNK,1991,72.47,Danemark,Hommes,7
DNK,1992,77.97,Danemark,Femmes,7
DNK,1992,72.56,Danemark,Hommes,7
DNK,1993,77.77,Danemark,Femmes,7
DNK,1993,72.59999999999999,Danemark,Hommes,7
DNK,1994,78.09999999999999,Danemark,Femmes,7
DNK,1994,72.78,Danemark,Hommes,7
DNK,1995,77.84,Danemark,Femmes,7
DNK,1995,72.73,Danemark,Hommes,7
DNK,1996,78.26000000000001,Danemark,Femmes,7
DNK,1996,73.06,Danemark,Hommes,7
DNK,1997,78.47,Danemark,Femmes,7
DNK,1997,73.56,Danemark,Hommes,7
DNK,1998,78.89,Danemark,Femmes,7
DNK,1998,73.94,Danemark,Hommes,7
DNK,1999,78.89,Danemark,Femmes,7
DNK,1999,74.20999999999999,Danemark,Hommes,7
DNK,2000,79.12,Danemark,Femmes,7
DNK,2000,74.44,Danemark,Hommes,7
DNK,2001,79.22,Danemark,Femmes,7
DNK,2001,74.67,Danemark,Hommes,7
DNK,2002,79.34,Danemark,Femmes,7
DNK,2002,74.8,Danemark,Hommes,7
DNK,2003,79.73999999999999,Danemark,Femmes,7
DNK,2003,75.03,Danemark,Hommes,7
DNK,2004,80.11,Danemark,Femmes,7
DNK,2004,75.41,Danemark,Hommes,7
DNK,2005,80.45,Danemark,Femmes,7
DNK,2005,75.94,Danemark,Hommes,7
DNK,2006,80.51000000000001,Danemark,Femmes,7
DNK,2006,75.90000000000001,Danemark,Hommes,7
DNK,2007,80.53,Danemark,Femmes,7
DNK,2007,76.13,Danemark,Hommes,7
DNK,2008,80.92,Danemark,Femmes,7
DNK,2008,76.48,Danemark,Hommes,7
DNK,2009,81.03,Danemark,Femmes,7
DNK,2009,76.84,Danemark,Hommes,7
DNK,2010,81.33,Danemark,Femmes,7
DNK,2010,77.12,Danemark,Hommes,7
DNK,2011,81.83,Danemark,Femmes,7
DNK,2011,77.7,Danemark,Hommes,7
DNK,2012,82.04000000000001,Danemark,Femmes,7
DNK,2012,78.06999999999999,Danemark,Hommes,7
DNK,2013,82.31,Danemark,Femmes,7
DNK,2013,78.28,Danemark,Hommes,7
DNK,2014,82.67,Danemark,Femmes,7
DNK,2014,78.56999999999999,Danemark,Hommes,7
DNK,2015,82.69,Danemark,Femmes,7
DNK,2015,78.77,Danemark,Hommes,7
DNK,2016,82.79000000000001,Danemark,Femmes,7
DNK,2016,78.95,Danemark,Hommes,7
DNK,2017,83.12,Danemark,Femmes,7
DNK,2017,79.09999999999999,Danemark,Hommes,7
DNK,2018,82.95999999999999,Danemark,Femmes,7
DNK,2018,79.02,Danemark,Hommes,7
DNK,2019,83.42,Danemark,Femmes,7
DNK,2019,79.44,Danemark,Hommes,7
DNK,2020,83.51000000000001,Danemark,Femmes,7
DNK,2020,79.58,Danemark,Hommes,7
DNK,2021,83.3,Danemark,Femmes,7
DNK,2021,79.56999999999999,Danemark,Hommes,7
DNK,2022,83.18000000000001,Danemark,Femmes,7
DNK,2022,79.43000000000001,Danemark,Hommes,7
DNK,2023,83.62,Danemark,Femmes,7
DNK,2023,79.73,Danemark,Hommes,7
DNK,2024,83.90000000000001,Danemark,Femmes,7
DNK,2024,80.17,Danemark,Hommes,7
JPN,1950,60.88,Japon,Femmes,8
JPN,1950,57.57,Japon,Hommes,8
JPN,1951,62.61,Japon,Femmes,8
JPN,1951,59.3,Japon,Hommes,8
JPN,1952,64.67,Japon,Femmes,8
JPN,1952,61.26,Japon,Hommes,8
JPN,1953,65.06999999999999,Japon,Femmes,8
JPN,1953,61.54,Japon,Hommes,8
JPN,1954,66.56999999999999,Japon,Femmes,8
JPN,1954,62.47,Japon,Hommes,8
JPN,1955,67.77,Japon,Femmes,8
JPN,1955,63.62,Japon,Hommes,8
JPN,1956,67.67,Japon,Femmes,8
JPN,1956,63.43,Japon,Hommes,8
JPN,1957,67.62,Japon,Femmes,8
JPN,1957,63.27,Japon,Hommes,8
JPN,1958,69.31,Japon,Femmes,8
JPN,1958,64.75,Japon,Hommes,8
JPN,1959,69.79000000000001,Japon,Femmes,8
JPN,1959,65.12,Japon,Hommes,8
JPN,1960,70.14,Japon,Femmes,8
JPN,1960,65.3,Japon,Hommes,8
JPN,1961,70.83,Japon,Femmes,8
JPN,1961,65.91,Japon,Hommes,8
JPN,1962,71.14,Japon,Femmes,8
JPN,1962,66.2,Japon,Hommes,8
JPN,1963,72.28,Japon,Femmes,8
JPN,1963,67.2,Japon,Hommes,8
JPN,1964,72.76000000000001,Japon,Femmes,8
JPN,1964,67.63,Japon,Hommes,8
JPN,1965,72.84999999999999,Japon,Femmes,8
JPN,1965,67.68000000000001,Japon,Hommes,8
JPN,1966,73.65000000000001,Japon,Femmes,8
JPN,1966,68.45,Japon,Hommes,8
JPN,1967,73.98999999999999,Japon,Femmes,8
JPN,1967,68.79000000000001,Japon,Hommes,8
JPN,1968,74.28,Japon,Femmes,8
JPN,1968,69.04000000000001,Japon,Hommes,8
JPN,1969,74.63,Japon,Femmes,8
JPN,1969,69.20999999999999,Japon,Hommes,8
JPN,1970,74.68000000000001,Japon,Femmes,8
JPN,1970,69.31999999999999,Japon,Hommes,8
JPN,1971,75.48,Japon,Femmes,8
JPN,1971,70.13,Japon,Hommes,8
JPN,1972,75.94,Japon,Femmes,8
JPN,1972,70.53,Japon,Hommes,8
JPN,1973,76.02,Japon,Femmes,8
JPN,1973,70.76000000000001,Japon,Hommes,8
JPN,1974,76.37,Japon,Femmes,8
JPN,1974,71.25,Japon,Hommes,8
JPN,1975,76.88,Japon,Femmes,8
JPN,1975,71.75,Japon,Hommes,8
JPN,1976,77.29000000000001,Japon,Femmes,8
JPN,1976,72.13,Japon,Hommes,8
JPN,1977,77.86,Japon,Femmes,8
JPN,1977,72.67,Japon,Hommes,8
JPN,1978,78.22,Japon,Femmes,8
JPN,1978,72.95999999999999,Japon,Hommes,8
JPN,1979,78.76000000000001,Japon,Femmes,8
JPN,1979,73.43000000000001,Japon,Hommes,8
JPN,1980,78.76000000000001,Japon,Femmes,8
JPN,1980,73.38,Japon,Hommes,8
JPN,1981,79.16,Japon,Femmes,8
JPN,1981,73.81,Japon,Hommes,8
JPN,1982,79.73,Japon,Femmes,8
JPN,1982,74.26000000000001,Japon,Hommes,8
JPN,1983,79.83,Japon,Femmes,8
JPN,1983,74.23999999999999,Japon,Hommes,8
JPN,1984,80.26000000000001,Japon,Femmes,8
JPN,1984,74.59999999999999,Japon,Hommes,8
JPN,1985,80.55,Japon,Femmes,8
JPN,1985,74.89,Japon,Hommes,8
JPN,1986,80.98,Japon,Femmes,8
JPN,1986,75.27,Japon,Hommes,8
JPN,1987,81.43000000000001,Japon,Femmes,8
JPN,1987,75.65000000000001,Japon,Hommes,8
JPN,1988,81.33,Japon,Femmes,8
JPN,1988,75.59,Japon,Hommes,8
JPN,1989,81.8,Japon,Femmes,8
JPN,1989,75.97,Japon,Hommes,8
JPN,1990,81.86,Japon,Femmes,8
JPN,1990,75.94,Japon,Hommes,8
JPN,1991,82.17,Japon,Femmes,8
JPN,1991,76.16,Japon,Hommes,8
JPN,1992,82.29000000000001,Japon,Femmes,8
JPN,1992,76.13,Japon,Hommes,8
JPN,1993,82.45,Japon,Femmes,8
JPN,1993,76.27,Japon,Hommes,8
JPN,1994,82.90000000000001,Japon,Femmes,8
JPN,1994,76.59,Japon,Hommes,8
JPN,1995,82.78,Japon,Femmes,8
JPN,1995,76.41,Japon,Hommes,8
JPN,1996,83.5,Japon,Femmes,8
JPN,1996,77.03,Japon,Hommes,8
JPN,1997,83.73,Japon,Femmes,8
JPN,1997,77.23999999999999,Japon,Hommes,8
JPN,1998,83.92,Japon,Femmes,8
JPN,1998,77.20999999999999,Japon,Hommes,8
JPN,1999,83.92,Japon,Femmes,8
JPN,1999,77.17,Japon,Hommes,8
JPN,2000,84.52,Japon,Femmes,8
JPN,2000,77.68000000000001,Japon,Hommes,8
JPN,2001,84.84999999999999,Japon,Femmes,8
JPN,2001,78.01000000000001,Japon,Hommes,8
JPN,2002,85.15000000000001,Japon,Femmes,8
JPN,2002,78.28,Japon,Hommes,8
JPN,2003,85.25,Japon,Femmes,8
JPN,2003,78.31999999999999,Japon,Hommes,8
JPN,2004,85.5,Japon,Femmes,8
JPN,2004,78.61,Japon,Hommes,8
JPN,2005,85.42,Japon,Femmes,8
JPN,2005,78.5,Japon,Hommes,8
JPN,2006,85.7,Japon,Femmes,8
JPN,2006,78.92,Japon,Hommes,8
JPN,2007,85.88,Japon,Femmes,8
JPN,2007,79.09999999999999,Japon,Hommes,8
JPN,2008,85.95999999999999,Japon,Femmes,8
JPN,2008,79.20999999999999,Japon,Hommes,8
JPN,2009,86.34,Japon,Femmes,8
JPN,2009,79.51000000000001,Japon,Hommes,8
JPN,2010,86.25,Japon,Femmes,8
JPN,2010,79.51000000000001,Japon,Hommes,8
JPN,2011,85.86,Japon,Femmes,8
JPN,2011,79.41,Japon,Hommes,8
JPN,2012,86.37,Japon,Femmes,8
JPN,2012,79.91,Japon,Hommes,8
JPN,2013,86.56,Japon,Femmes,8
JPN,2013,80.17,Japon,Hommes,8
JPN,2014,86.77,Japon,Femmes,8
JPN,2014,80.45,Japon,Hommes,8
JPN,2015,86.98,Japon,Femmes,8
JPN,2015,80.72,Japon,Hommes,8
JPN,2016,87.13,Japon,Femmes,8
JPN,2016,80.93000000000001,Japon,Hommes,8
JPN,2017,87.27,Japon,Femmes,8
JPN,2017,81.06,Japon,Hommes,8
JPN,2018,87.31999999999999,Japon,Femmes,8
JPN,2018,81.22,Japon,Hommes,8
JPN,2019,87.45,Japon,Femmes,8
JPN,2019,81.37,Japon,Hommes,8
JPN,2020,87.75,Japon,Femmes,8
JPN,2020,81.58,Japon,Hommes,8
JPN,2021,87.61,Japon,Femmes,8
JPN,2021,81.48,Japon,Hommes,8
JPN,2022,87.12,Japon,Femmes,8
JPN,2022,81.06,Japon,Hommes,8
JPN,2023,87.18000000000001,Japon,Femmes,8
JPN,2023,81.12,Japon,Hommes,8
SWE,1950,72.44,Suède,Femmes,9
SWE,1950,69.84999999999999,Suède,Hommes,9
SWE,1951,72.7,Suède,Femmes,9
SWE,1951,70.04000000000001,Suède,Hommes,9
SWE,1952,73.29000000000001,Suède,Femmes,9
SWE,1952,70.42,Suède,Hommes,9
SWE,1953,73.40000000000001,Suède,Femmes,9
SWE,1953,70.43000000000001,Suède,Hommes,9
SWE,1954,73.87,Suède,Femmes,9
SWE,1954,70.86,Suède,Hommes,9
SWE,1955,74.15000000000001,Suède,Femmes,9
SWE,1955,71.05,Suède,Hommes,9
SWE,1956,74.40000000000001,Suède,Femmes,9
SWE,1956,70.95999999999999,Suède,Hommes,9
SWE,1957,74.27,Suède,Femmes,9
SWE,1957,70.75,Suède,Hommes,9
SWE,1958,74.8,Suède,Femmes,9
SWE,1958,71.53,Suède,Hommes,9
SWE,1959,75.2,Suède,Femmes,9
SWE,1959,71.58,Suède,Hommes,9
SWE,1960,74.88,Suède,Femmes,9
SWE,1960,71.23999999999999,Suède,Hommes,9
SWE,1961,75.38,Suède,Femmes,9
SWE,1961,71.64,Suède,Hommes,9
SWE,1962,75.42,Suède,Femmes,9
SWE,1962,71.36,Suède,Hommes,9
SWE,1963,75.61,Suède,Femmes,9
SWE,1963,71.53,Suède,Hommes,9
SWE,1964,75.87,Suède,Femmes,9
SWE,1964,71.62,Suède,Hommes,9
SWE,1965,76.08,Suède,Femmes,9
SWE,1965,71.73999999999999,Suède,Hommes,9
SWE,1966,76.45999999999999,Suède,Femmes,9
SWE,1966,71.84,Suède,Hommes,9
SWE,1967,76.55,Suède,Femmes,9
SWE,1967,71.84999999999999,Suède,Hommes,9
SWE,1968,76.39,Suède,Femmes,9
SWE,1968,71.70999999999999,Suède,Hommes,9
SWE,1969,76.63,Suède,Femmes,9
SWE,1969,71.70999999999999,Suède,Hommes,9
SWE,1970,77.20999999999999,Suède,Femmes,9
SWE,1970,72.23,Suède,Hommes,9
SWE,1971,77.39,Suède,Femmes,9
SWE,1971,71.97,Suède,Hommes,9
SWE,1972,77.53,Suède,Femmes,9
SWE,1972,72.03,Suède,Hommes,9
SWE,1973,77.72,Suède,Femmes,9
SWE,1973,72.16,Suède,Hommes,9
SWE,1974,77.90000000000001,Suède,Femmes,9
SWE,1974,72.2,Suède,Hommes,9
SWE,1975,77.95,Suède,Femmes,9
SWE,1975,72.17,Suède,Hommes,9
SWE,1976,77.95999999999999,Suède,Femmes,9
SWE,1976,72.16,Suède,Hommes,9
SWE,1977,78.56999999999999,Suède,Femmes,9
SWE,1977,72.41,Suède,Hommes,9
SWE,1978,78.69,Suède,Femmes,9
SWE,1978,72.45999999999999,Suède,Hommes,9
SWE,1979,78.72,Suède,Femmes,9
SWE,1979,72.5,Suède,Hommes,9
SWE,1980,78.84999999999999,Suède,Femmes,9
SWE,1980,72.78,Suède,Hommes,9
SWE,1981,79.14,Suède,Femmes,9
SWE,1981,73.08,Suède,Hommes,9
SWE,1982,79.39,Suède,Femmes,9
SWE,1982,73.43000000000001,Suède,Hommes,9
SWE,1983,79.64,Suède,Femmes,9
SWE,1983,73.63,Suède,Hommes,9
SWE,1984,79.93000000000001,Suède,Femmes,9
SWE,1984,73.84999999999999,Suède,Hommes,9
SWE,1985,79.69,Suède,Femmes,9
SWE,1985,73.78,Suède,Hommes,9
SWE,1986,80.02,Suède,Femmes,9
SWE,1986,73.98,Suède,Hommes,9
SWE,1987,80.14,Suède,Femmes,9
SWE,1987,74.16,Suède,Hommes,9
SWE,1988,79.93000000000001,Suède,Femmes,9
SWE,1988,74.13,Suède,Hommes,9
SWE,1989,80.56,Suède,Femmes,9
SWE,1989,74.78,Suède,Hommes,9
SWE,1990,80.40000000000001,Suède,Femmes,9
SWE,1990,74.81,Suède,Hommes,9
SWE,1991,80.54000000000001,Suède,Femmes,9
SWE,1991,74.95,Suède,Hommes,9
SWE,1992,80.78,Suède,Femmes,9
SWE,1992,75.36,Suède,Hommes,9
SWE,1993,80.78,Suède,Femmes,9
SWE,1993,75.48999999999999,Suède,Hommes,9
SWE,1994,81.38,Suède,Femmes,9
SWE,1994,76.08,Suède,Hommes,9
SWE,1995,81.44,Suède,Femmes,9
SWE,1995,76.18000000000001,Suède,Hommes,9
SWE,1996,81.52,Suède,Femmes,9
SWE,1996,76.52,Suède,Hommes,9
SWE,1997,81.8,Suède,Femmes,9
SWE,1997,76.7,Suède,Hommes,9
SWE,1998,81.91,Suède,Femmes,9
SWE,1998,76.87,Suède,Hommes,9
SWE,1999,81.89,Suède,Femmes,9
SWE,1999,77.06999999999999,Suède,Hommes,9
SWE,2000,82.02,Suède,Femmes,9
SWE,2000,77.38,Suède,Hommes,9
SWE,2001,82.05,Suède,Femmes,9
SWE,2001,77.54000000000001,Suède,Hommes,9
SWE,2002,82.08,Suède,Femmes,9
SWE,2002,77.70999999999999,Suède,Hommes,9
SWE,2003,82.41,Suède,Femmes,9
SWE,2003,77.91,Suède,Hommes,9
SWE,2004,82.66,Suède,Femmes,9
SWE,2004,78.34999999999999,Suède,Hommes,9
SWE,2005,82.75,Suède,Femmes,9
SWE,2005,78.42,Suède,Hommes,9
SWE,2006,82.90000000000001,Suède,Femmes,9
SWE,2006,78.69,Suède,Hommes,9
SWE,2007,82.94,Suède,Femmes,9
SWE,2007,78.93000000000001,Suède,Hommes,9
SWE,2008,83.11,Suède,Femmes,9
SWE,2008,79.09,Suède,Hommes,9
SWE,2009,83.31999999999999,Suède,Femmes,9
SWE,2009,79.34,Suède,Hommes,9
SWE,2010,83.47,Suède,Femmes,9
SWE,2010,79.52,Suède,Hommes,9
SWE,2011,83.66,Suède,Femmes,9
SWE,2011,79.8,Suède,Hommes,9
SWE,2012,83.53,Suède,Femmes,9
SWE,2012,79.87,Suède,Hommes,9
SWE,2013,83.70999999999999,Suède,Femmes,9
SWE,2013,80.09999999999999,Suède,Hommes,9
SWE,2014,84.05,Suède,Femmes,9
SWE,2014,80.34999999999999,Suède,Hommes,9
SWE,2015,84.02,Suède,Femmes,9
SWE,2015,80.31999999999999,Suède,Hommes,9
SWE,2016,84.08,Suède,Femmes,9
SWE,2016,80.56999999999999,Suède,Hommes,9
SWE,2017,84.11,Suède,Femmes,9
SWE,2017,80.73,Suède,Hommes,9
SWE,2018,84.25,Suède,Femmes,9
SWE,2018,80.79000000000001,Suède,Hommes,9
SWE,2019,84.73,Suède,Femmes,9
SWE,2019,81.34999999999999,Suède,Hommes,9
SWE,2020,84.29000000000001,Suède,Femmes,9
SWE,2020,80.59999999999999,Suède,Hommes,9
SWE,2021,84.81999999999999,Suède,Femmes,9
SWE,2021,81.22,Suède,Hommes,9
SWE,2022,84.75,Suède,Femmes,9
SWE,2022,81.36,Suède,Hommes,9
SWE,2023,84.91,Suède,Femmes,9
SWE,2023,81.59,Suède,Hommes,9
SWE,2024,85.34999999999999,Suède,Femmes,9
SWE,2024,82.29000000000001,Suède,Hommes,9
FRATNP,1950,69.19,France,Femmes,10
FRATNP,1950,63.43,France,Hommes,10
FRATNP,1951,68.90000000000001,France,Femmes,10
FRATNP,1951,63.17,France,Hommes,10
FRATNP,1952,70.22,France,Femmes,10
FRATNP,1952,64.41,France,Hommes,10
FRATNP,1953,70.23,France,Femmes,10
FRATNP,1953,64.29000000000001,France,Hommes,10
FRATNP,1954,71.20999999999999,France,Femmes,10
FRATNP,1954,65.03,France,Hommes,10
FRATNP,1955,71.54000000000001,France,Femmes,10
FRATNP,1955,65.23,France,Hommes,10
FRATNP,1956,71.67,France,Femmes,10
FRATNP,1956,65.17,France,Hommes,10
FRATNP,1957,72.20999999999999,France,Femmes,10
FRATNP,1957,65.48999999999999,France,Hommes,10
FRATNP,1958,73.23,France,Femmes,10
FRATNP,1958,66.84999999999999,France,Hommes,10
FRATNP,1959,73.36,France,Femmes,10
FRATNP,1959,66.86,France,Hommes,10
FRATNP,1960,73.61,France,Femmes,10
FRATNP,1960,67.02,France,Hommes,10
FRATNP,1961,74.37,France,Femmes,10
FRATNP,1961,67.45999999999999,France,Hommes,10
FRATNP,1962,73.90000000000001,France,Femmes,10
FRATNP,1962,66.98999999999999,France,Hommes,10
FRATNP,1963,73.81,France,Femmes,10
FRATNP,1963,66.81,France,Hommes,10
FRATNP,1964,74.81999999999999,France,Femmes,10
FRATNP,1964,67.68000000000001,France,Hommes,10
FRATNP,1965,74.72,France,Femmes,10
FRATNP,1965,67.47,France,Hommes,10
FRATNP,1966,75.18000000000001,France,Femmes,10
FRATNP,1966,67.81999999999999,France,Hommes,10
FRATNP,1967,75.2,France,Femmes,10
FRATNP,1967,67.79000000000001,France,Hommes,10
FRATNP,1968,75.22,France,Femmes,10
FRATNP,1968,67.76000000000001,France,Hommes,10
FRATNP,1969,75.05,France,Femmes,10
FRATNP,1969,67.41,France,Hommes,10
FRATNP,1970,75.81,France,Femmes,10
FRATNP,1970,68.37,France,Hommes,10
FRATNP,1971,75.88,France,Femmes,10
FRATNP,1971,68.31,France,Hommes,10
FRATNP,1972,76.19,France,Femmes,10
FRATNP,1972,68.48,France,Hommes,10
FRATNP,1973,76.31999999999999,France,Femmes,10
FRATNP,1973,68.69,France,Hommes,10
FRATNP,1974,76.75,France,Femmes,10
FRATNP,1974,68.93000000000001,France,Hommes,10
FRATNP,1975,76.87,France,Femmes,10
FRATNP,1975,69.02,France,Hommes,10
FRATNP,1976,77.2,France,Femmes,10
FRATNP,1976,69.15000000000001,France,Hommes,10
FRATNP,1977,77.84,France,Femmes,10
FRATNP,1977,69.7,France,Hommes,10
FRATNP,1978,77.95999999999999,France,Femmes,10
FRATNP,1978,69.81999999999999,France,Hommes,10
FRATNP,1979,78.28,France,Femmes,10
FRATNP,1979,70.05,France,Hommes,10
FRATNP,1980,78.40000000000001,France,Femmes,10
FRATNP,1980,70.15000000000001,France,Hommes,10
FRATNP,1981,78.5,France,Femmes,10
FRATNP,1981,70.37,France,Hommes,10
FRATNP,1982,78.89,France,Femmes,10
FRATNP,1982,70.70999999999999,France,Hommes,10
FRATNP,1983,78.81999999999999,France,Femmes,10
FRATNP,1983,70.73,France,Hommes,10
FRATNP,1984,79.34999999999999,France,Femmes,10
FRATNP,1984,71.14,France,Hommes,10
FRATNP,1985,79.45,France,Femmes,10
FRATNP,1985,71.23999999999999,France,Hommes,10
FRATNP,1986,79.70999999999999,France,Femmes,10
FRATNP,1986,71.5,France,Hommes,10
FRATNP,1987,80.29000000000001,France,Femmes,10
FRATNP,1987,72.03,France,Hommes,10
FRATNP,1988,80.48,France,Femmes,10
FRATNP,1988,72.31999999999999,France,Hommes,10
FRATNP,1989,80.66,France,Femmes,10
FRATNP,1989,72.45,France,Hommes,10
FRATNP,1990,80.97,France,Femmes,10
FRATNP,1990,72.72,France,Hommes,10
FRATNP,1991,81.17,France,Femmes,10
FRATNP,1991,72.88,France,Hommes,10
FRATNP,1992,81.45,France,Femmes,10
FRATNP,1992,73.15000000000001,France,Hommes,10
FRATNP,1993,81.45999999999999,France,Femmes,10
FRATNP,1993,73.25,France,Hommes,10
FRATNP,1994,81.88,France,Femmes,10
FRATNP,1994,73.64,France,Hommes,10
FRATNP,1995,81.90000000000001,France,Femmes,10
FRATNP,1995,73.83,France,Hommes,10
FRATNP,1996,82.05,France,Femmes,10
FRATNP,1996,74.06,France,Hommes,10
FRATNP,1997,82.3,France,Femmes,10
FRATNP,1997,74.51000000000001,France,Hommes,10
FRATNP,1998,82.41,France,Femmes,10
FRATNP,1998,74.72,France,Hommes,10
FRATNP,1999,82.51000000000001,France,Femmes,10
FRATNP,1999,74.94,France,Hommes,10
FRATNP,2000,82.8,France,Femmes,10
FRATNP,2000,75.23999999999999,France,Hommes,10
FRATNP,2001,82.94,France,Femmes,10
FRATNP,2001,75.43000000000001,France,Hommes,10
FRATNP,2002,83.04000000000001,France,Femmes,10
FRATNP,2002,75.7,France,Hommes,10
FRATNP,2003,82.95,France,Femmes,10
FRATNP,2003,75.81,France,Hommes,10
FRATNP,2004,83.87,France,Femmes,10
FRATNP,2004,76.67,France,Hommes,10
FRATNP,2005,83.83,France,Femmes,10
FRATNP,2005,76.72,France,Hommes,10
FRATNP,2006,84.19,France,Femmes,10
FRATNP,2006,77.16,France,Hommes,10
FRATNP,2007,84.40000000000001,France,Femmes,10
FRATNP,2007,77.38,France,Hommes,10
FRATNP,2008,84.34999999999999,France,Femmes,10
FRATNP,2008,77.59,France,Hommes,10
FRATNP,2009,84.44,France,Femmes,10
FRATNP,2009,77.73999999999999,France,Hommes,10
FRATNP,2010,84.68000000000001,France,Femmes,10
FRATNP,2010,78,France,Hommes,10
FRATNP,2011,85.01000000000001,France,Femmes,10
FRATNP,2011,78.40000000000001,France,Hommes,10
FRATNP,2012,84.87,France,Femmes,10
FRATNP,2012,78.45999999999999,France,Hommes,10
FRATNP,2013,85.06,France,Femmes,10
FRATNP,2013,78.73,France,Hommes,10
FRATNP,2014,85.45999999999999,France,Femmes,10
FRATNP,2014,79.23999999999999,France,Hommes,10
FRATNP,2015,85.17,France,Femmes,10
FRATNP,2015,78.98999999999999,France,Hommes,10
FRATNP,2016,85.36,France,Femmes,10
FRATNP,2016,79.29000000000001,France,Hommes,10
FRATNP,2017,85.31999999999999,France,Femmes,10
FRATNP,2017,79.42,France,Hommes,10
FRATNP,2018,85.45999999999999,France,Femmes,10
FRATNP,2018,79.54000000000001,France,Hommes,10
FRATNP,2019,85.59,France,Femmes,10
FRATNP,2019,79.75,France,Hommes,10
FRATNP,2020,85.15000000000001,France,Femmes,10
FRATNP,2020,79.18000000000001,France,Hommes,10
FRATNP,2021,85.31,France,Femmes,10
FRATNP,2021,79.26000000000001,France,Hommes,10
FRATNP,2022,85.17,France,Femmes,10
FRATNP,2022,79.36,France,Hommes,10
