Rﾃｩgion1,Rﾃｩgion1En,Rﾃｩgion2,Rﾃｩgion2En,Pays,paysEn,PaysFlag,Population_totale,Taux_natalitﾃｩ,Taux_mortalitﾃｩ,Espﾃｩrance_vie,Taux_mortalitﾃｩ_infantile,Nombre_enfant_femme,Taux_croissance,Part_65ans,paysfEn,paysf
Monde,World,--,--,Afrique,Africa,,1549867,30.4,7.6,64.2,42.6,3.95,22.6,3.7,Africa ,Afrique 
Monde,World,--,,Amﾃｩrique Latine-Caraﾃｯbes,Latin America and the Caribbean,,667889,13.8,6.7,76,12.6,1.78,6.5,10.2,Latin America and the Caribbean ,Amﾃｩrique Latine-Caraﾃｯbes 
Monde,World,--,--,Amﾃｩrique Septentrionale,Northern America,,387528,10.4,8.800000000000001,79.90000000000001,4.7,1.59,5.6,18.6,Northern America ,Amﾃｩrique Septentrionale 
Monde,World,--,--,Asie,Asia,,4835320,13.5,7.2,75,20.3,1.87,5.8,10.3,Asia ,Asie 
Monde,World,--,--,Europe,Europe,,744399,8.300000000000001,11.4,79.5,3.3,1.41,-1,20.9,Europe ,Europe 
Monde,World,--,--,Ocﾃｩanie,Oceania,,46610,14.9,6.8,79.5,14.5,2.13,11.1,13.8,Oceania ,Ocﾃｩanie 
Monde,World,--,--,Monde,World,,8231615,16.1,7.7,73.5,26.4,2.24,8.4,10.4,World ,Monde 
Afrique,Africa,--,--,Afrique Australe,Southern Africa,,74022,18.9,9,66.3,24.3,2.27,11.7,6.5,Southern Africa ,Afrique Australe 
Afrique,Africa,--,--,Afrique centrale,Central Africa,,219525,38.5,8,62.4,48.8,5.37,29.6,2.9,Central Africa ,Afrique centrale 
Afrique,Africa,--,--,Afrique occidentale,West Africa,,466533,32.2,9.6,58.6,58.7,4.27,22.2,3.1,West Africa ,Afrique occidentale 
Afrique,Africa,--,--,Afrique orientale,East Africa,,513486,31.8,6.3,66,34.3,3.96,25,3,East Africa ,Afrique orientale 
Afrique,Africa,--,--,Afrique septentrionale,Northern Africa,,276302,21.2,5.6,72.5,19.9,2.88,16.2,5.8,Northern Africa ,Afrique septentrionale 
Afrique,Africa,--,--,Afrique,Africa,,1549867,30.4,7.6,64.2,42.6,3.95,22.6,3.7,Africa ,Afrique 
Afrique,Africa,Afrique australe,Southern Africa,Afrique du Sud,South Africa,ｿｦ,64747,18.2,9.300000000000001,66.5,22.4,2.19,11.2,6.9,South Africa ｿｦ,Afrique du Sud ｿｦ
Afrique,Africa,Afrique australe,Southern Africa,Botswana,Botswana,ｧｼ,2562,23.9,5.7,69.40000000000001,27.2,2.66,15.9,4.1,Botswana ｧｼ,Botswana ｧｼ
Afrique,Africa,Afrique australe,Southern Africa,Eswatini,Eswatini,ｸｿ,1256,23.3,7.8,64.40000000000001,36.5,2.68,10.9,4.3,Eswatini ｸｿ,Eswatini ｸｿ
Afrique,Africa,Afrique australe,Southern Africa,Lesotho,Lesotho,ｱｸ,2363,23.5,10.3,58.2,52.9,2.64,10.9,3.9,Lesotho ｱｸ,Lesotho ｱｸ
Afrique,Africa,Afrique australe,Southern Africa,Namibie,Namibia,ｳｦ,3093,25.4,6.2,67.7,26.3,3.17,19.9,3.8,Namibia ｳｦ,Namibie ｳｦ
Afrique,Africa,Afrique australe,Southern Africa,Afrique australe,Southern Africa,,74022,18.9,9,66.3,24.3,2.27,11.7,6.5,Southern Africa ,Afrique australe 
Afrique,Africa,Afrique Centrale,Central Africa,Angola,Angola,ｦｴ,39040,36.6,6.8,65,46.8,4.95,29.8,2.9,Angola ｦｴ,Angola ｦｴ
Afrique,Africa,Afrique Centrale,Central Africa,Cameroun,Cameroon,ｨｲ,29879,32.8,6.9,64.2,44.8,4.19,25.4,2.8,Cameroon ｨｲ,Cameroun ｨｲ
Afrique,Africa,Afrique Centrale,Central Africa,Rep. Centrafricaine,Central African Republic,ｨｫ,5513,45.4,9.300000000000001,57.9,65.90000000000001,5.81,33.4,2.2,Central African Republic ｨｫ,Rep. Centrafricaine ｨｫ
Afrique,Africa,Afrique Centrale,Central Africa,Congo,Congo,ｨｬ,6484,30.2,6.2,66.2,27.3,4.05,23.5,3.1,Congo ｨｬ,Congo ｨｬ
Afrique,Africa,Afrique Centrale,Central Africa,RD. Congo ,RD. Congo,ｨｩ,112832,40.4,8.300000000000001,62.2,48,5.9,31.8,3.1,RD. Congo ｨｩ,RD. Congo  ｨｩ
Afrique,Africa,Afrique Centrale,Central Africa,Gabon,Gabon,ｬｦ,2593,26.6,6.2,68.7,25.9,3.54,20.9,4.1,Gabon ｬｦ,Gabon ｬｦ
Afrique,Africa,Afrique Centrale,Central Africa,Guinﾃｩe ﾃｩquatoriale,Equatorial Guinea,ｬｶ,1938,29.6,7.8,64.09999999999999,50.8,4.04,23.8,3.8,Equatorial Guinea ｬｶ,Guinﾃｩe ﾃｩquatoriale ｬｶ
Afrique,Africa,Afrique Centrale,Central Africa,Sao Tomﾃｩ-et-Principe,Sao Tome and Principe,ｸｹ,240,27.8,5.5,70.09999999999999,10.7,3.53,19.7,3.9,Sao Tome and Principe ｸｹ,Sao Tomﾃｩ-et-Principe ｸｹ
Afrique,Africa,Afrique Centrale,Central Africa,Tchad,Chad,ｹｩ,21004,43.2,11.1,55.4,62.4,5.94,26.3,2.1,Chad ｹｩ,Tchad ｹｩ
Afrique,Africa,Afrique Centrale,Central Africa,Afrique Centrale,Central Africa,,219525,38.5,8,62.4,48.8,5.37,29.6,2.9,Central Africa ,Afrique Centrale 
Afrique,Africa,Afrique occidentale,West Africa,Bﾃｩnin,Benin,ｧｯ,14814,33,8.6,61.1,50.9,4.42,23.9,3.2,Benin ｧｯ,Bﾃｩnin ｧｯ
Afrique,Africa,Afrique occidentale,West Africa,Burkina Faso,Burkina Faso,ｧｫ,24075,30.8,7.8,61.5,53.4,4,21.8,2.7,Burkina Faso ｧｫ,Burkina Faso ｧｫ
Afrique,Africa,Afrique occidentale,West Africa,Cap-Vert,Cape Verde,ｨｻ,527,12.1,5.1,76.40000000000001,9.199999999999999,1.5,4.5,7.2,Cape Verde ｨｻ,Cap-Vert ｨｻ
Afrique,Africa,Afrique occidentale,West Africa,Cﾃｴte d'Ivoire,Ivory Coast,ｨｮ,32712,31.1,7.6,62.3,50.1,4.17,23.9,2.7,Ivory Coast ｨｮ,Cﾃｴte d'Ivoire ｨｮ
Afrique,Africa,Afrique occidentale,West Africa,Gambie,Gambia,ｬｲ,2822,29.3,6.2,66.3,28.3,3.8,22,3.2,Gambia ｬｲ,Gambie ｬｲ
Afrique,Africa,Afrique occidentale,West Africa,Ghana,Ghana,ｬｭ,35064,25.6,7,65.90000000000001,29.5,3.3,18.1,3.8,Ghana ｬｭ,Ghana ｬｭ
Afrique,Africa,Afrique occidentale,West Africa,Guinﾃｩe,Guinea,ｬｳ,15100,32.8,8.9,61.1,63.8,4.04,22.7,3.5,Guinea ｬｳ,Guinﾃｩe ｬｳ
Afrique,Africa,Afrique occidentale,West Africa,Guinﾃｩe-Bissau,Guinea-Bissau,ｬｼ,2250,29.1,7,64.40000000000001,47.4,3.68,21.5,3.2,Guinea-Bissau ｬｼ,Guinﾃｩe-Bissau ｬｼ
Afrique,Africa,Afrique occidentale,West Africa,Libﾃｩria,Liberia,ｱｷ,5731,30.3,8,62.5,54.3,3.79,20.6,3.3,Liberia ｱｷ,Libﾃｩria ｱｷ
Afrique,Africa,Afrique occidentale,West Africa,Mali,Mali,ｲｱ,25199,39.2,8.4,60.9,58.9,5.42,28.9,2.4,Mali ｲｱ,Mali ｲｱ
Afrique,Africa,Afrique occidentale,West Africa,Mauritanie,Mauritania,ｲｷ,5315,33.7,5.3,68.90000000000001,28.5,4.56,27.4,3.2,Mauritania ｲｷ,Mauritanie ｲｷ
Afrique,Africa,Afrique occidentale,West Africa,Niger,Niger,ｳｪ,27918,40.8,8.6,61.7,62.1,5.79,31.9,2.6,Niger ｳｪ,Niger ｳｪ
Afrique,Africa,Afrique occidentale,West Africa,Nigﾃｩria,Nigeria,ｳｬ,237528,32.2,11.6,54.8,67.7,4.3,20.6,3.1,Nigeria ｳｬ,Nigﾃｩria ｳｬ
Afrique,Africa,Afrique occidentale,West Africa,Sﾃｩnﾃｩgal,Senegal,ｸｳ,18932,28.9,5.4,69.2,22.3,3.71,22.8,3.6,Senegal ｸｳ,Sﾃｩnﾃｩgal ｸｳ
Afrique,Africa,Afrique occidentale,West Africa,Sierra Leone,Sierra Leone,ｸｱ,8820,29.5,8.1,62.2,69.3,3.61,20.1,3.3,Sierra Leone ｸｱ,Sierra Leone ｸｱ
Afrique,Africa,Afrique occidentale,West Africa,Togo,Togo,ｹｬ,9722,30.5,7.6,63.1,39.8,4.07,21.3,3.3,Togo ｹｬ,Togo ｹｬ
Afrique,Africa,Afrique occidentale,West Africa,Afrique occidentale,West Africa,,466533,32.2,9.6,58.6,58.7,4.27,22.2,3.1,West Africa ,Afrique occidentale 
Afrique,Africa,Afrique orientale,East Africa,Burundi,Burundi,ｧｮ,14390,32.6,6.6,64,34.4,4.68,23.5,2.5,Burundi ｧｮ,Burundi ｧｮ
Afrique,Africa,Afrique orientale,East Africa,Comores,Comoros,ｰｲ,883,27.8,7,67.2,34.5,3.76,18.4,4.5,Comoros ｰｲ,Comores ｰｲ
Afrique,Africa,Afrique orientale,East Africa,Djibouti,Djibouti,ｩｯ,1184,20.7,7.5,66.40000000000001,34.7,2.58,12.7,5,Djibouti ｩｯ,Djibouti ｩｯ
Afrique,Africa,Afrique orientale,East Africa,Erythrﾃｩe,Eritrea,ｪｷ,3607,28.6,5.9,69.2,25,3.61,20.8,4.3,Eritrea ｪｷ,Erythrﾃｩe ｪｷ
Afrique,Africa,Afrique orientale,East Africa,Ethiopie,Ethiopia,ｪｹ,135472,30.8,5.8,67.90000000000001,30.9,3.81,25.2,3.3,Ethiopia ｪｹ,Ethiopie ｪｹ
Afrique,Africa,Afrique orientale,East Africa,France - La Rﾃｩunion,France - Reunion Island,ｷｪ,882,13,5.8,83.8,4.1,2.13,4.3,16.2,France - Reunion Island ｷｪ,France - La Rﾃｩunion ｷｪ
Afrique,Africa,Afrique orientale,East Africa,Kenya,Kenya,ｰｪ,57533,26.8,7.1,64,28.6,3.12,19.2,3,Kenya ｰｪ,Kenya ｰｪ
Afrique,Africa,Afrique orientale,East Africa,Madagascar,Madagascar,ｲｬ,32741,31.3,7.4,64,43.4,3.84,23.8,3.5,Madagascar ｲｬ,Madagascar ｲｬ
Afrique,Africa,Afrique orientale,East Africa,Malawi,Malawi,ｲｼ,22216,30.8,5.2,67.7,28.2,3.53,25.4,2.6,Malawi ｲｼ,Malawi ｲｼ
Afrique,Africa,Afrique orientale,East Africa,Maurice,Mauritius,ｲｺ,1268,9,9.199999999999999,75.3,11.4,1.21,-2.4,14.1,Mauritius ｲｺ,Maurice ｲｺ
Afrique,Africa,Afrique orientale,East Africa,Mayotte,Mayotte,ｾｹ,337,33.7,2.7,76.40000000000001,8.199999999999999,4.5,31.2,2.8,Mayotte ｾｹ,Mayotte ｾｹ
Afrique,Africa,Afrique orientale,East Africa,Mozambique,Mozambique,ｲｿ,35632,36.6,6.8,64,47.8,4.62,27.9,2.7,Mozambique ｲｿ,Mozambique ｲｿ
Afrique,Africa,Afrique orientale,East Africa,Ouganda,Uganda,ｺｬ,51385,33.8,4.7,68.7,26.9,4.06,26.7,2.2,Uganda ｺｬ,Ouganda ｺｬ
Afrique,Africa,Afrique orientale,East Africa,Rwanda,Rwanda,ｷｼ,14569,27.7,5.9,68.2,25.5,3.59,22.3,4,Rwanda ｷｼ,Rwanda ｷｼ
Afrique,Africa,Afrique orientale,East Africa,Seychelles,Seychelles,ｸｨ,133,13.3,8.1,73.09999999999999,9.9,2.08,17.3,8.699999999999999,Seychelles ｸｨ,Seychelles ｸｨ
Afrique,Africa,Afrique orientale,East Africa,Somalie,Somalia,ｸｴ,19655,41.8,9.699999999999999,59.1,65,5.91,32.8,2.6,Somalia ｸｴ,Somalie ｸｴ
Afrique,Africa,Afrique orientale,East Africa,Sud Soudan,South Sudan,ｸｸ,12189,29.3,9.9,57.9,62.7,3.71,20,3.1,South Sudan ｸｸ,Sud Soudan ｸｸ
Afrique,Africa,Afrique orientale,East Africa,Tanzanie,Tanzania,ｹｿ,70546,34.3,5.7,67.40000000000001,27.5,4.47,28.5,3,Tanzania ｹｿ,Tanzanie ｹｿ
Afrique,Africa,Afrique orientale,East Africa,Zambie,Zambia,ｿｲ,21914,32.4,5.1,66.7,36.6,3.97,27.5,2,Zambia ｿｲ,Zambie ｿｲ
Afrique,Africa,Afrique orientale,East Africa,Zimbabwe,Zimbabwe,ｿｼ,16951,29.5,7.4,63.3,31.4,3.62,18.9,3.6,Zimbabwe ｿｼ,Zimbabwe ｿｼ
Afrique,Africa,Afrique orientale,East Africa,Afrique orientale,East Africa,,513486,31.8,6.3,66,34.3,3.96,25,3,East Africa ,Afrique orientale 
Afrique,Africa,Afrique septentrionale,Northern Africa,Algﾃｩrie,Algeria,ｩｿ,47435,18,4.6,76.7,16.4,2.67,12.8,6.8,Algeria ｩｿ,Algﾃｩrie ｩｿ
Afrique,Africa,Afrique septentrionale,Northern Africa,Egypte,Egypt,ｪｬ,118366,20.7,5.6,72,12.6,2.71,14.7,5.3,Egypt ｪｬ,Egypte ｪｬ
Afrique,Africa,Afrique septentrionale,Northern Africa,Libye,Libya,ｱｾ,7459,16.1,5.6,73.2,9.800000000000001,2.25,10.5,5.2,Libya ｱｾ,Libye ｱｾ
Afrique,Africa,Afrique septentrionale,Northern Africa,Maroc,Morocco,ｲｦ,38431,16.1,5.8,75.7,13.3,2.18,8.800000000000001,8.5,Morocco ｲｦ,Maroc ｲｦ
Afrique,Africa,Afrique septentrionale,Northern Africa,Sahara occidental,Western Sahara,ｪｭ,601,15,6.5,71.8,22,2.15,16.9,6.8,Western Sahara ｪｭ,Sahara occidental ｪｭ
Afrique,Africa,Afrique septentrionale,Northern Africa,Soudan,Sudan,ｸｩ,51662,32.1,6.2,66.7,36.6,4.19,31.5,3.4,Sudan ｸｩ,Soudan ｸｩ
Afrique,Africa,Afrique septentrionale,Northern Africa,Tunisie,Tunisia,ｹｳ,12349,13,6.2,76.90000000000001,9.1,1.8,5.6,9.9,Tunisia ｹｳ,Tunisie ｹｳ
Afrique,Africa,Afrique septentrionale,Northern Africa,Afrique septentrionale,Northern Africa,,276302,21.2,5.6,72.5,19.9,2.88,16.2,5.8,Northern Africa ,Afrique septentrionale 
Europe,Europe,--,--,Europe de l'Est,Eastern Europe,,284452,8.1,12.7,75.09999999999999,4,1.4,-1.5,18.9,Eastern Europe ,Europe de l'Est 
Europe,Europe,--,--,Europe de l'Ouest,Western Europe,,199671,8.9,10.7,82.5,2.9,1.5,-2,22.6,Western Europe ,Europe de l'Ouest 
Europe,Europe,--,--,Europe du Nord,Northern Europe,,109500,9.5,9.699999999999999,81.7,3.1,1.5,4.4,20,Northern Europe ,Europe du Nord 
Europe,Europe,--,--,Europe du Sud,Southern Europe,,150776,7.1,10.9,82.90000000000001,2.7,1.29,-2.9,23.3,Southern Europe ,Europe du Sud 
Europe,Europe,--,--,Europe,Europe,,744399,8.300000000000001,11.4,79.5,3.3,1.41,-1,20.9,Europe ,Europe 
Europe,Europe,Europe de l'Est,Eastern Europe,Biﾃｩlorussie,Belarus,ｧｾ,8998,6.9,13.2,74.8,2.3,1.22,-6.6,18.3,Belarus ｧｾ,Biﾃｩlorussie ｧｾ
Europe,Europe,Europe de l'Est,Eastern Europe,Bulgarie,Bulgaria,ｧｬ,6715,9,15.3,76,4.7,1.74,-6.7,22.2,Bulgaria ｧｬ,Bulgarie ｧｬ
Europe,Europe,Europe de l'Est,Eastern Europe,Hongrie,Hungary,ｭｺ,9632,8.800000000000001,13.3,77.3,2.8,1.5,-6.3,21.2,Hungary ｭｺ,Hongrie ｭｺ
Europe,Europe,Europe de l'Est,Eastern Europe,Moldavie,Moldova,ｲｩ,2996,10.4,14,71.5,9.6,1.72,-13.6,16.9,Moldova ｲｩ,Moldavie ｲｩ
Europe,Europe,Europe de l'Est,Eastern Europe,Pologne,Poland,ｵｱ,38141,7.8,11,79,3.2,1.31,-11.8,20.8,Poland ｵｱ,Pologne ｵｱ
Europe,Europe,Europe de l'Est,Eastern Europe,Roumanie,Romania,ｷｴ,18909,9.4,13.6,76.2,5,1.71,-5.7,20.1,Romania ｷｴ,Roumanie ｷｴ
Europe,Europe,Europe de l'Est,Eastern Europe,Russie,Russia,ｷｺ,143997,8.6,13,73.5,4.1,1.46,-6.1,17.8,Russia ｷｺ,Russie ｷｺ
Europe,Europe,Europe de l'Est,Eastern Europe,Slovaquie,Slovakia,ｸｰ,5475,9.1,10.3,78.7,3.8,1.57,-7,19,Slovakia ｸｰ,Slovaquie ｸｰ
Europe,Europe,Europe de l'Est,Eastern Europe,Tchﾃｩquie,Czechia,ｨｿ,10609,8.199999999999999,11,80.09999999999999,2.1,1.47,-13.4,21.2,Czechia ｨｿ,Tchﾃｩquie ｨｿ
Europe,Europe,Europe de l'Est,Eastern Europe,Ukraine,Ukraine,ｺｦ,38980,5.6,13.3,74.90000000000001,4.8,1,36,19,Ukraine ｺｦ,Ukraine ｺｦ
Europe,Europe,Europe de l'Est,Eastern Europe,Europe de l'Est,Eastern Europe,,284452,8.1,12.7,75.09999999999999,4,1.4,-1.5,18.9,Eastern Europe ,Europe de l'Est 
Europe,Europe,Europe de l'Ouest,Western Europe,Allemagne,Germany,ｩｪ,84075,8.4,12.4,81.7,2.7,1.46,-7.9,23.7,Germany ｩｪ,Allemagne ｩｪ
Europe,Europe,Europe de l'Ouest,Western Europe,Autriche,Austria,ｦｹ,9114,8.300000000000001,10.2,82.3,2.5,1.33,-.7,21.1,Austria ｦｹ,Autriche ｦｹ
Europe,Europe,Europe de l'Ouest,Western Europe,Belgique,Belgium,ｧｪ,11759,8.6,9.800000000000001,82.40000000000001,2.8,1.39,1.5,21,Belgium ｧｪ,Belgique ｧｪ
Europe,Europe,Europe de l'Ouest,Western Europe,France (hexa.),France (metro.),ｫｷ,66651,9.5,9.4,83.59999999999999,3.1,1.64,1.5,22.5,France (metro.) ｫｷ,France (hexa.) ｫｷ
Europe,Europe,Europe de l'Ouest,Western Europe,Luxembourg,Luxembourg,ｱｺ,680,10.2,7.4,82.5,2.8,1.4,10.5,15.8,Luxembourg ｱｺ,Luxembourg ｱｺ
Europe,Europe,Europe de l'Ouest,Western Europe,Pays-Bas,Netherlands,ｳｱ,18347,9.5,9.199999999999999,82.40000000000001,3,1.44,6,20.9,Netherlands ｳｱ,Pays-Bas ｳｱ
Europe,Europe,Europe de l'Ouest,Western Europe,Suisse,Switzerland,ｨｭ,8967,9.1,8.5,84.2,3.1,1.44,4.8,20.4,Switzerland ｨｭ,Suisse ｨｭ
Europe,Europe,Europe de l'Ouest,Western Europe,Europe de l'Ouest,Western Europe,,199671,8.9,10.7,82.5,2.9,1.5,-2,22.6,Western Europe ,Europe de l'Ouest 
Europe,Europe,Europe du Nord,Northern Europe,Danemark,Denmark,ｩｰ,6003,9.9,9.699999999999999,82.2,2.7,1.52,3.9,21.1,Denmark ｩｰ,Danemark ｩｰ
Europe,Europe,Europe du Nord,Northern Europe,Estonie,Estonia,ｪｪ,1344,7.9,12.3,79.5,1.6,1.37,-14.3,21.8,Estonia ｪｪ,Estonie ｪｪ
Europe,Europe,Europe du Nord,Northern Europe,Finlande,Finland,ｫｮ,5623,7.8,10.8,82.2,1.6,1.3,.3,24.2,Finland ｫｮ,Finlande ｫｮ
Europe,Europe,Europe du Nord,Northern Europe,Guernsey,Guernsey,ｬｬ,64,8.1,9.5,83.5,5.6,1.37,2.7,22.2,Guernsey ｬｬ,Guernsey ｬｬ
Europe,Europe,Europe du Nord,Northern Europe,Irlande,Ireland,ｮｪ,5308,9.9,7,82.7,2.6,1.6,9.6,16.2,Ireland ｮｪ,Irlande ｮｪ
Europe,Europe,Europe du Nord,Northern Europe,Islande,Iceland,ｮｸ,398,11,6.6,83.2,1.2,1.5,11.1,16,Iceland ｮｸ,Islande ｮｸ
Europe,Europe,Europe du Nord,Northern Europe,Jersey,Jersey,ｯｪ,104,8.199999999999999,11,80,8.4,1.38,1.2,19.3,Jersey ｯｪ,Jersey ｯｪ
Europe,Europe,Europe du Nord,Northern Europe,Lettonie,Latvia,ｱｻ,1854,7.4,14.8,76.5,2.7,1.35,-11.3,22.2,Latvia ｱｻ,Lettonie ｱｻ
Europe,Europe,Europe du Nord,Northern Europe,Lituanie,Lithuania,ｱｹ,2830,7.8,14.1,76.3,3,1.22,-15,20.7,Lithuania ｱｹ,Lituanie ｱｹ
Europe,Europe,Europe du Nord,Northern Europe,Norvﾃｨge,Norway,ｳｴ,5623,9.4,7.8,83.59999999999999,1.7,1.42,7,19.1,Norway ｳｴ,Norvﾃｨge ｳｴ
Europe,Europe,Europe du Nord,Northern Europe,Royaume Uni,United Kingdom,ｬｧ,69551,9.800000000000001,9.699999999999999,81.59999999999999,3.5,1.54,5.7,19.7,United Kingdom ｬｧ,Royaume Uni ｬｧ
Europe,Europe,Europe du Nord,Northern Europe,Suﾃｨde,Sweden,ｸｪ,10657,9.1,9.1,83.59999999999999,1.8,1.44,4.5,20.9,Sweden ｸｪ,Suﾃｨde ｸｪ
Europe,Europe,Europe du Nord,Northern Europe,Europe du Nord,Northern Europe,,109500,9.5,9.699999999999999,81.7,3.1,1.5,4.4,20,Northern Europe ,Europe du Nord 
Europe,Europe,Europe du Sud,Southern Europe,Albanie,Albania,ｦｱ,2772,9.9,8.6,80,6.9,1.33,-7.5,17.6,Albania ｦｱ,Albanie ｦｱ
Europe,Europe,Europe du Sud,Southern Europe,Bosnie-Herzﾃｩgovine,Bosnia and Herzegovina,ｧｦ,3140,7.7,13.6,78.2,4.7,1.5,-8.1,22.9,Bosnia and Herzegovina ｧｦ,Bosnie-Herzﾃｩgovine ｧｦ
Europe,Europe,Europe du Sud,Southern Europe,Croatie,Croatia,ｭｷ,3848,8.1,14,78.90000000000001,3.3,1.47,-6.8,23.6,Croatia ｭｷ,Croatie ｭｷ
Europe,Europe,Europe du Sud,Southern Europe,Espagne,Spain,ｪｸ,47890,6.9,9.5,84,2.1,1.23,-.6,21.6,Spain ｪｸ,Espagne ｪｸ
Europe,Europe,Europe du Sud,Southern Europe,Grﾃｨce,Greece,ｬｷ,9939,6.9,12.6,82.2,2.8,1.34,-4.1,24.4,Greece ｬｷ,Grﾃｨce ｬｷ
Europe,Europe,Europe du Sud,Southern Europe,Italie,Italy,ｮｹ,59146,6.5,11.3,84,2.1,1.21,-3.5,25.1,Italy ｮｹ,Italie ｮｹ
Europe,Europe,Europe du Sud,Southern Europe,Kosovo,Kosovo,ｽｰ,1674,11.7,6.1,78.40000000000001,8.6,1.53,-5.4,10.5,Kosovo ｽｰ,Kosovo ｽｰ
Europe,Europe,Europe du Sud,Southern Europe,Macﾃｩdoine du Nord,North Macedonia,ｲｰ,1814,9,11.1,77.7,5.9,1.47,-5.2,18.5,North Macedonia ｲｰ,Macﾃｩdoine du Nord ｲｰ
Europe,Europe,Europe du Sud,Southern Europe,Malte,Malta,ｲｹ,545,7.8,7.7,83.59999999999999,4.5,1.11,9.5,20.5,Malta ｲｹ,Malte ｲｹ
Europe,Europe,Europe du Sud,Southern Europe,Montﾃｩnﾃｩgro,Montenegro,ｲｪ,633,11,11.5,77.40000000000001,1.8,1.8,-15.2,18.3,Montenegro ｲｪ,Montﾃｩnﾃｩgro ｲｪ
Europe,Europe,Europe du Sud,Southern Europe,Portugal,Portugal,ｵｹ,10412,8.199999999999999,11.4,82.7,2.2,1.52,-1.6,24.9,Portugal ｵｹ,Portugal ｵｹ
Europe,Europe,Europe du Sud,Southern Europe,Serbie,Serbia,ｷｸ,6689,8.699999999999999,14.2,77.09999999999999,3.8,1.5,-7.5,23.1,Serbia ｷｸ,Serbie ｷｸ
Europe,Europe,Europe du Sud,Southern Europe,Slovﾃｩnie,Slovenia,ｸｮ,2117,8.1,10.4,81.90000000000001,1.4,1.58,-1,22.2,Slovenia ｸｮ,Slovﾃｩnie ｸｮ
Europe,Europe,Europe du Sud,Southern Europe,Europe du Sud,Southern Europe,,150776,7.1,10.9,82.90000000000001,2.7,1.29,-2.9,23.3,Southern Europe ,Europe du Sud 
Amﾃｩrique Latine-Caraﾃｯbes,Latin America and the Caribbean,--,--,Amﾃｩrique centrale,Central America,,185161,16.1,6,75.3,11,1.95,9.300000000000001,7.9,Central America ,Amﾃｩrique centrale 
Amﾃｩrique Latine-Caraﾃｯbes,Latin America and the Caribbean,--,--,Amﾃｩrique du Sud,South America,,438105,12.8,6.9,76.59999999999999,11.7,1.69,5.6,11,South America ,Amﾃｩrique du Sud 
Amﾃｩrique Latine-Caraﾃｯbes,Latin America and the Caribbean,--,--,Caraﾃｯbes,Caribbean,,44622,14.4,8.5,73.40000000000001,27.2,1.95,3.8,11.4,Caribbean ,Caraﾃｯbes 
Amﾃｩrique Latine-Caraﾃｯbes,Latin America and the Caribbean,--,--,Amﾃｩrique Latine-Caraﾃｯbes,Latin America and the Caribbean,,667889,13.8,6.7,76,12.6,1.78,6.5,10.2,Latin America and the Caribbean ,Amﾃｩrique Latine-Caraﾃｯbes 
Amﾃｩrique Latine-Caraﾃｯbes,Latin America and the Caribbean,Amﾃｩrique centrale,Central America,Belize,Belize,ｧｿ,423,17.8,5,73.90000000000001,8.5,2.01,13.6,5.2,Belize ｧｿ,Belize ｧｿ
Amﾃｩrique Latine-Caraﾃｯbes,Latin America and the Caribbean,Amﾃｩrique centrale,Central America,Costa Rica,Costa Rica,ｨｷ,5153,9.800000000000001,5.7,81.2,6.2,1.31,4.4,12.8,Costa Rica ｨｷ,Costa Rica ｨｷ
Amﾃｩrique Latine-Caraﾃｯbes,Latin America and the Caribbean,Amﾃｩrique centrale,Central America,Guatemala,Guatemala,ｬｹ,18688,20.3,4.9,72.90000000000001,16.8,2.26,15,5,Guatemala ｬｹ,Guatemala ｬｹ
Amﾃｩrique Latine-Caraﾃｯbes,Latin America and the Caribbean,Amﾃｩrique centrale,Central America,Honduras,Honduras,ｭｳ,11006,21.3,4.6,73.2,12.2,2.45,16.3,4.5,Honduras ｭｳ,Honduras ｭｳ
Amﾃｩrique Latine-Caraﾃｯbes,Latin America and the Caribbean,Amﾃｩrique centrale,Central America,Mexique,Mexico,ｲｽ,131947,15.2,6.3,75.40000000000001,10,1.87,8.1,8.5,Mexico ｲｽ,Mexique ｲｽ
Amﾃｩrique Latine-Caraﾃｯbes,Latin America and the Caribbean,Amﾃｩrique centrale,Central America,Nicaragua,Nicaragua,ｳｮ,7008,18.8,4.7,75.3,10.5,2.18,12.9,5.7,Nicaragua ｳｮ,Nicaragua ｳｮ
Amﾃｩrique Latine-Caraﾃｯbes,Latin America and the Caribbean,Amﾃｩrique centrale,Central America,Panama,Panama,ｵｦ,4571,15.7,5,80,10,2.09,12,9.699999999999999,Panama ｵｦ,Panama ｵｦ
Amﾃｩrique Latine-Caraﾃｯbes,Latin America and the Caribbean,Amﾃｩrique centrale,Central America,Salvador,El Salvador,ｸｻ,6366,15.4,7.5,72.5,9,1.75,4.1,8.300000000000001,El Salvador ｸｻ,Salvador ｸｻ
Amﾃｩrique Latine-Caraﾃｯbes,Latin America and the Caribbean,Amﾃｩrique centrale,Central America,Amﾃｩrique centrale,Central America,,185161,16.1,6,75.3,11,1.95,9.300000000000001,7.9,Central America ,Amﾃｩrique centrale 
Amﾃｩrique Latine-Caraﾃｯbes,Latin America and the Caribbean,Amﾃｩrique du Sud,South America,Argentine,Argentina,ｦｷ,45851,11.1,7.8,77.7,8.699999999999999,1.5,3.4,12.6,Argentina ｦｷ,Argentine ｦｷ
Amﾃｩrique Latine-Caraﾃｯbes,Latin America and the Caribbean,Amﾃｩrique du Sud,South America,Bolivie,Bolivia,ｧｴ,12582,20.8,7.2,68.90000000000001,30.3,2.5,13.4,5.7,Bolivia ｧｴ,Bolivie ｧｴ
Amﾃｩrique Latine-Caraﾃｯbes,Latin America and the Caribbean,Amﾃｩrique du Sud,South America,Brﾃｩsil,Brazil,ｧｷ,212812,11.9,7.2,76.2,11.6,1.6,3.7,11.5,Brazil ｧｷ,Brﾃｩsil ｧｷ
Amﾃｩrique Latine-Caraﾃｯbes,Latin America and the Caribbean,Amﾃｩrique du Sud,South America,Chili,Chile,ｨｱ,19860,8.6,6.7,81.5,5.4,1.13,4.5,14.6,Chile ｨｱ,Chili ｨｱ
Amﾃｩrique Latine-Caraﾃｯbes,Latin America and the Caribbean,Amﾃｩrique du Sud,South America,Colombie,Colombia,ｨｴ,53426,13,5.6,78.09999999999999,9.300000000000001,1.62,9.800000000000001,10.2,Colombia ｨｴ,Colombie ｨｴ
Amﾃｩrique Latine-Caraﾃｯbes,Latin America and the Caribbean,Amﾃｩrique du Sud,South America,Equateur,Ecuador,ｪｨ,18290,14.6,5.3,77.8,9.6,1.79,8.4,8.6,Ecuador ｪｨ,Equateur ｪｨ
Amﾃｩrique Latine-Caraﾃｯbes,Latin America and the Caribbean,Amﾃｩrique du Sud,South America,Guyana,Guyana,ｬｾ,836,19.5,7.6,70.40000000000001,17.9,2.37,5.9,7,Guyana ｬｾ,Guyana ｬｾ
Amﾃｩrique Latine-Caraﾃｯbes,Latin America and the Caribbean,Amﾃｩrique du Sud,South America,Guyane (franﾃｧaise),French Guiana,ｬｫ,314,24.2,4.9,77.40000000000001,8.6,3.29,16.5,7.3,French Guiana ｬｫ,Guyane (franﾃｧaise) ｬｫ
Amﾃｩrique Latine-Caraﾃｯbes,Latin America and the Caribbean,Amﾃｩrique du Sud,South America,Paraguay,Paraguay,ｵｾ,7013,19.4,5.7,74.09999999999999,15.5,2.39,11.9,6.7,Paraguay ｵｾ,Paraguay ｵｾ
Amﾃｩrique Latine-Caraﾃｯbes,Latin America and the Caribbean,Amﾃｩrique du Sud,South America,Pﾃｩrou,Peru,ｵｪ,34577,15.5,5.7,78.09999999999999,9.800000000000001,1.94,10.2,9.5,Peru ｵｪ,Pﾃｩrou ｵｪ
Amﾃｩrique Latine-Caraﾃｯbes,Latin America and the Caribbean,Amﾃｩrique du Sud,South America,Surinam,Suriname,ｸｷ,640,17,6.9,73.90000000000001,10.5,2.21,8.5,8.199999999999999,Suriname ｸｷ,Surinam ｸｷ
Amﾃｩrique Latine-Caraﾃｯbes,Latin America and the Caribbean,Amﾃｩrique du Sud,South America,Uruguay,Uruguay,ｺｾ,3385,9.699999999999999,9.9,78.5,5.8,1.39,-.6,16.3,Uruguay ｺｾ,Uruguay ｺｾ
Amﾃｩrique Latine-Caraﾃｯbes,Latin America and the Caribbean,Amﾃｩrique du Sud,South America,Venezuela,Venezuela,ｻｪ,28517,15.3,7.8,72.8,14.4,2.06,4,10,Venezuela ｻｪ,Venezuela ｻｪ
Amﾃｩrique Latine-Caraﾃｯbes,Latin America and the Caribbean,Amﾃｩrique du Sud,South America,Amﾃｩrique du Sud,South America,,438105,12.8,6.9,76.59999999999999,11.7,1.69,5.6,11,South America ,Amﾃｩrique du Sud 
Amﾃｩrique Latine-Caraﾃｯbes,Latin America and the Caribbean,Caraﾃｯbes,Caribbean,Antigua-et-Barbuda,Antigua and Barbuda,ｦｬ,94,11.6,7.1,77.90000000000001,7.2,1.58,4.6,12.3,Antigua and Barbuda ｦｬ,Antigua-et-Barbuda ｦｬ
Amﾃｩrique Latine-Caraﾃｯbes,Latin America and the Caribbean,Caraﾃｯbes,Caribbean,Aruba,Aruba,ｦｼ,108,9.5,10,76.59999999999999,10.7,1.61,.5,17.8,Aruba ｦｼ,Aruba ｦｼ
Amﾃｩrique Latine-Caraﾃｯbes,Latin America and the Caribbean,Caraﾃｯbes,Caribbean,Bahamas,Bahamas,ｧｸ,403,10.7,8.9,74.90000000000001,10.4,1.36,4.1,12.1,Bahamas ｧｸ,Bahamas ｧｸ
Amﾃｩrique Latine-Caraﾃｯbes,Latin America and the Caribbean,Caraﾃｯbes,Caribbean,Barbade,Barbados,ｧｧ,283,11,10.3,76.5,10.7,1.7,.5,17.1,Barbados ｧｧ,Barbade ｧｧ
Amﾃｩrique Latine-Caraﾃｯbes,Latin America and the Caribbean,Caraﾃｯbes,Caribbean,Cuba,Cuba,ｨｺ,10937,8.5,10.5,78.40000000000001,4.4,1.45,-4,17,Cuba ｨｺ,Cuba ｨｺ
Amﾃｩrique Latine-Caraﾃｯbes,Latin America and the Caribbean,Caraﾃｯbes,Caribbean,Curaﾃｧao,Curaﾃｧao,ｨｼ,185,7.5,10.2,77.2,8,1.07,-.2,17.3,Curaﾃｧao ｨｼ,Curaﾃｧao ｨｼ
Amﾃｩrique Latine-Caraﾃｯbes,Latin America and the Caribbean,Caraﾃｯbes,Caribbean,Rep. Dominicaine,Dominican Republic,ｩｴ,11520,17.3,6.3,74,24.8,2.19,7.9,8.199999999999999,Dominican Republic ｩｴ,Rep. Dominicaine ｩｴ
Amﾃｩrique Latine-Caraﾃｯbes,Latin America and the Caribbean,Caraﾃｯbes,Caribbean,France - Guadeloupe,France - Guadeloupe,ｬｵ,374,10.6,9.9,82.40000000000001,6.4,2.05,-3.6,24.7,France - Guadeloupe ｬｵ,France - Guadeloupe ｬｵ
Amﾃｩrique Latine-Caraﾃｯbes,Latin America and the Caribbean,Caraﾃｯbes,Caribbean,France - Martinique,France - Martinique,ｲｶ,340,10,10.7,82.90000000000001,6.1,1.97,-8.1,26.3,France - Martinique ｲｶ,France - Martinique ｲｶ
Amﾃｩrique Latine-Caraﾃｯbes,Latin America and the Caribbean,Caraﾃｯbes,Caribbean,Grenade,Granada,ｬｩ,117,11.2,9,75.5,11.4,1.46,.7,12.6,Granada ｬｩ,Grenade ｬｩ
Amﾃｩrique Latine-Caraﾃｯbes,Latin America and the Caribbean,Caraﾃｯbes,Caribbean,Haﾃｯti,Haiti,ｭｹ,11906,21.6,7.8,65.3,43.4,2.59,11.1,4.8,Haiti ｭｹ,Haﾃｯti ｭｹ
Amﾃｩrique Latine-Caraﾃｯbes,Latin America and the Caribbean,Caraﾃｯbes,Caribbean,ﾃ四es Vierges amﾃｩricaines,U.S. Virgin Islands,ｻｮ,84,11,15.5,75.90000000000001,4.7,2.07,-8.800000000000001,23.1,U.S. Virgin Islands ｻｮ,ﾃ四es Vierges amﾃｩricaines ｻｮ
Amﾃｩrique Latine-Caraﾃｯbes,Latin America and the Caribbean,Caraﾃｯbes,Caribbean,Jamaﾃｯque,Jamaica,ｯｲ,2837,11.2,8.300000000000001,71.7,15.1,1.34,-1,8.6,Jamaica ｯｲ,Jamaﾃｯque ｯｲ
Amﾃｩrique Latine-Caraﾃｯbes,Latin America and the Caribbean,Caraﾃｯbes,Caribbean,Porto Rico,Puerto Rico,ｵｷ,3235,5.9,10.7,82.09999999999999,4.8,.9399999999999999,-3.1,25.3,Puerto Rico ｵｷ,Porto Rico ｵｷ
Amﾃｩrique Latine-Caraﾃｯbes,Latin America and the Caribbean,Caraﾃｯbes,Caribbean,Sainte Lucie,Saint Lucia,ｱｨ,180,11,8.800000000000001,73,13.4,1.38,2.1,10,Saint Lucia ｱｨ,Sainte Lucie ｱｨ
Amﾃｩrique Latine-Caraﾃｯbes,Latin America and the Caribbean,Caraﾃｯbes,Caribbean,St Vincent-et-les-Grenad.,St Vincent and the Grenad.,ｻｨ,100,11.8,11.6,71.5,12.1,1.75,-6.8,12.2,St Vincent and the Grenad. ｻｨ,St Vincent-et-les-Grenad. ｻｨ
Amﾃｩrique Latine-Caraﾃｯbes,Latin America and the Caribbean,Caraﾃｯbes,Caribbean,Trinitﾃｩ-et-Tobago,Trinidad and Tobago,ｹｹ,1511,10.3,9,73.7,13.4,1.52,1.8,12.9,Trinidad and Tobago ｹｹ,Trinitﾃｩ-et-Tobago ｹｹ
Amﾃｩrique Latine-Caraﾃｯbes,Latin America and the Caribbean,Caraﾃｯbes,Caribbean,Caraﾃｯbes,Caribbean,,44622,14.4,8.5,73.40000000000001,27.2,1.95,3.8,11.4,Caribbean ,Caraﾃｯbes 
Amﾃｩrique septentrionale,Northern America,--,Northern America,Canada,Canada,ｨｦ,40127,9,8.1,82.90000000000001,3.9,1.33,9,20.3,Canada ｨｦ,Canada ｨｦ
Amﾃｩrique septentrionale,Northern America,--,Northern America,Etats-Unis,United States,ｺｸ,347276,10.6,8.9,79.59999999999999,4.8,1.62,5.2,18.4,United States ｺｸ,Etats-Unis ｺｸ
Amﾃｩrique septentrionale,Northern America,--,Northern America,Amﾃｩrique septentrionale,Northern America,,387528,10.4,8.800000000000001,79.90000000000001,4.7,1.59,5.6,18.6,Northern America ,Amﾃｩrique septentrionale 
Amﾃｩrique septentrionale,Northern America,Amﾃｩrique septentrionale,Northern America,Canada,Canada,ｨｦ,40127,9,8.1,82.90000000000001,3.9,1.33,9,20.3,Canada ｨｦ,Canada ｨｦ
Amﾃｩrique septentrionale,Northern America,Amﾃｩrique septentrionale,Northern America,Etats-Unis,United States,ｺｸ,347276,10.6,8.9,79.59999999999999,4.8,1.62,5.2,18.4,United States ｺｸ,Etats-Unis ｺｸ
Amﾃｩrique septentrionale,Northern America,Amﾃｩrique septentrionale,Northern America,Amﾃｩrique septentrionale,North America,,387528,10.4,8.800000000000001,79.90000000000001,4.7,1.59,5.6,18.6,North America ,Amﾃｩrique septentrionale 
Asie,Asia,--,--,Asie de l'Est,East Asia,,1652186,6.2,8.6,79.3,5.8,1.03,-2.4,16.3,East Asia ,Asie de l'Est 
Asie,Asia,--,--,Asie de l'Ouest,West Asia,,314297,19,4.8,75.90000000000001,16.3,2.52,15.1,6.3,West Asia ,Asie de l'Ouest 
Asie,Asia,--,--,Asie du Centre et du Sud,Central and South Asia,,2168806,17.9,6.4,72.2,25.6,2.21,10.4,6.9,Central and South Asia ,Asie du Centre et du Sud 
Asie,Asia,--,--,Asie du Sud-Est,Southeast Asia,,700032,14.5,7.4,72.5,17.2,1.91,6.9,8.4,Southeast Asia ,Asie du Sud-Est 
Asie,Asia,--,--,Asie,Asia,,4835320,13.5,7.2,75,20.3,1.87,5.8,10.3,Asia ,Asie 
Asie,Asia,Asie de l'Est,East Asia,Chine,China,ｨｳ,1416096,6.2,8.300000000000001,78.40000000000001,6,1.02,-2.3,14.9,China ｨｳ,Chine ｨｳ
Asie,Asia,Asie de l'Est,East Asia,Chine - Hong Kong,China - Hong Kong,ｭｰ,7396,5.3,7.9,85.8,1.4,.74,-.2,23.7,China - Hong Kong ｭｰ,Chine - Hong Kong ｭｰ
Asie,Asia,Asie de l'Est,East Asia,Chine - Macao,China - Macau,ｲｴ,722,6.3,4.9,83.40000000000001,2.5,.6899999999999999,1,15.1,China - Macau ｲｴ,Chine - Macao ｲｴ
Asie,Asia,Asie de l'Est,East Asia,Corﾃｩe du Nord,North Korea,ｰｵ,26571,12.6,10,73.90000000000001,13,1.77,2.5,12.7,North Korea ｰｵ,Corﾃｩe du Nord ｰｵ
Asie,Asia,Asie de l'Est,East Asia,Corﾃｩe du Sud,South Korea,ｰｷ,51667,4.8,7.2,84.5,1.9,.75,-1.2,20.3,South Korea ｰｷ,Corﾃｩe du Sud ｰｷ
Asie,Asia,Asie de l'Est,East Asia,Japon,Japan,ｯｵ,123104,6.1,12.6,85,1.6,1.23,-5.4,30,Japan ｯｵ,Japon ｯｵ
Asie,Asia,Asie de l'Est,East Asia,Mongolie,Mongolia,ｲｳ,3517,17.5,6,72.2,8.6,2.58,11.5,5.4,Mongolia ｲｳ,Mongolie ｲｳ
Asie,Asia,Asie de l'Est,East Asia,Taﾃｯwan,Taiwan,ｹｼ,23113,5.4,8.9,80.90000000000001,3,.86,-4.4,20.1,Taiwan ｹｼ,Taﾃｯwan ｹｼ
Asie,Asia,Asie de l'Est,East Asia,Asie de l'Est,East Asia,,1652186,6.2,8.6,79.3,5.8,1.03,-2.4,16.3,East Asia ,Asie de l'Est 
Asie,Asia,Asie de l'Ouest,West Asia,Arabie saoudite,Saudi Arabia,ｸｦ,34566,16.3,2.3,79.2,5.8,2.29,17.5,3.1,Saudi Arabia ｸｦ,Arabie saoudite ｸｦ
Asie,Asia,Asie de l'Ouest,West Asia,Armﾃｩnie,Armenia,ｦｲ,2952,11.8,9.4,76,8.800000000000001,1.71,-7.4,14.4,Armenia ｦｲ,Armﾃｩnie ｦｲ
Asie,Asia,Asie de l'Ouest,West Asia,Azerbaﾃｯdjan,Azerbaijan,ｦｿ,10398,11.6,6.7,74.7,13.7,1.66,5.6,9.199999999999999,Azerbaijan ｦｿ,Azerbaﾃｯdjan ｦｿ
Asie,Asia,Asie de l'Ouest,West Asia,Bahreﾃｯn,Bahrain,ｧｭ,1643,11.9,2.2,81.59999999999999,5.1,1.78,20.7,4,Bahrain ｧｭ,Bahreﾃｯn ｧｭ
Asie,Asia,Asie de l'Ouest,West Asia,Chypre,Cyprus,ｨｾ,1371,10.2,7,82,2.5,1.37,8.800000000000001,14.9,Cyprus ｨｾ,Chypre ｨｾ
Asie,Asia,Asie de l'Ouest,West Asia,Emirats Arabes Unis,United Arab Emirates,ｦｪ,11346,10.1,1,83.2,4.8,1.21,23.1,1.8,United Arab Emirates ｦｪ,Emirats Arabes Unis ｦｪ
Asie,Asia,Asie de l'Ouest,West Asia,Gﾃｩorgie,Georgia,ｬｪ,3807,11.1,11.8,74.8,6.4,1.79,-.4,16,Georgia ｬｪ,Gﾃｩorgie ｬｪ
Asie,Asia,Asie de l'Ouest,West Asia,Irak,Iraq,ｮｶ,47021,25.3,4.2,72.5,18.3,3.17,21,3.4,Iraq ｮｶ,Irak ｮｶ
Asie,Asia,Asie de l'Ouest,West Asia,Israﾃｫl,Israel,ｮｱ,9517,18,5.6,82.8,2.9,2.75,13.7,12.7,Israel ｮｱ,Israﾃｫl ｮｱ
Asie,Asia,Asie de l'Ouest,West Asia,Jordanie,Jordan,ｯｴ,11521,20.1,3.2,78.09999999999999,11.1,2.57,-9.4,4.8,Jordan ｯｴ,Jordanie ｯｴ
Asie,Asia,Asie de l'Ouest,West Asia,Koweﾃｯt,Kuwait,ｰｼ,5026,9.699999999999999,1.8,80.8,6.2,1.5,16.4,3.2,Kuwait ｰｼ,Koweﾃｯt ｰｼ
Asie,Asia,Asie de l'Ouest,West Asia,Liban,Lebanon,ｱｧ,5849,15.8,6.1,78.09999999999999,14.9,2.21,8,10.4,Lebanon ｱｧ,Liban ｱｧ
Asie,Asia,Asie de l'Ouest,West Asia,Oman,Oman,ｴｲ,5495,16.4,1.9,80.5,8,2.48,35.2,2.7,Oman ｴｲ,Oman ｴｲ
Asie,Asia,Asie de l'Ouest,West Asia,Palestine,Palestine,ｵｸ,5590,25.9,4.2,73.09999999999999,17.1,3.19,17.6,3.9,Palestine ｵｸ,Palestine ｵｸ
Asie,Asia,Asie de l'Ouest,West Asia,Qatar,Qatar,ｶｦ,3116,9.6,1,82.7,5.6,1.7,20.2,1.7,Qatar ｶｦ,Qatar ｶｦ
Asie,Asia,Asie de l'Ouest,West Asia,Syrie,Syria,ｸｾ,25620,23.5,4.8,73,14.3,2.66,35.1,4.8,Syria ｸｾ,Syrie ｸｾ
Asie,Asia,Asie de l'Ouest,West Asia,Turquie,Turkey,ｹｷ,87685,12,6.6,77.8,8.800000000000001,1.62,2.5,10.6,Turkey ｹｷ,Turquie ｹｷ
Asie,Asia,Asie de l'Ouest,West Asia,Yﾃｩmen,Yemen,ｾｪ,41774,33.5,4.7,69.59999999999999,30.7,4.41,28.5,2.5,Yemen ｾｪ,Yﾃｩmen ｾｪ
Asie,Asia,Asie de l'Ouest,West Asia,Asie de l'Ouest,West Asia,,314297,19,4.8,75.90000000000001,16.3,2.52,15.1,6.3,West Asia ,Asie de l'Ouest 
Asie,Asia,Asie du Centre et du Sud,Central and South Asia,Afghanistan,Afghanistan,ｦｫ,43844,34.4,5.6,66.5,41.4,4.66,27.1,2.4,Afghanistan ｦｫ,Afghanistan ｦｫ
Asie,Asia,Asie du Centre et du Sud,Central and South Asia,Bangladesh,Bangladesh,ｧｩ,175687,19.6,5.1,75.2,16.1,2.11,12.2,6.7,Bangladesh ｧｩ,Bangladesh ｧｩ
Asie,Asia,Asie du Centre et du Sud,Central and South Asia,Bhoutan,Bhutan,ｧｹ,797,12.3,6,73.5,17.4,1.44,6.9,6.6,Bhutan ｧｹ,Bhoutan ｧｹ
Asie,Asia,Asie du Centre et du Sud,Central and South Asia,Inde,India,ｮｳ,1463866,15.8,6.6,72.5,21.7,1.94,8.800000000000001,7.4,India ｮｳ,Inde ｮｳ
Asie,Asia,Asie du Centre et du Sud,Central and South Asia,Iran,Iran,ｮｷ,92418,12.2,4.8,78.09999999999999,8.800000000000001,1.67,8.6,8.6,Iran ｮｷ,Iran ｮｷ
Asie,Asia,Asie du Centre et du Sud,Central and South Asia,Kazakhstan,Kazakhstan,ｰｿ,20844,19,6.7,74.7,6.5,2.95,11.8,9,Kazakhstan ｰｿ,Kazakhstan ｰｿ
Asie,Asia,Asie du Centre et du Sud,Central and South Asia,Kirgizistan,Kyrgyzstan,ｰｬ,7295,20.5,6,72,11.7,2.75,14.7,6,Kyrgyzstan ｰｬ,Kirgizistan ｰｬ
Asie,Asia,Asie du Centre et du Sud,Central and South Asia,Maldives,Maldives,ｲｻ,530,10.2,2.4,81.5,4.3,1.55,3.5,5,Maldives ｲｻ,Maldives ｲｻ
Asie,Asia,Asie du Centre et du Sud,Central and South Asia,Nﾃｩpal,Nepal,ｳｵ,29618,18.6,7,70.90000000000001,19.6,1.94,-.7,6.6,Nepal ｳｵ,Nﾃｩpal ｳｵ
Asie,Asia,Asie du Centre et du Sud,Central and South Asia,Ouzbﾃｩkistan,Uzbekistan,ｺｿ,37053,24.6,6,72.7,11.9,3.45,18.4,6.1,Uzbekistan ｺｿ,Ouzbﾃｩkistan ｺｿ
Asie,Asia,Asie du Centre et du Sud,Central and South Asia,Pakistan,Pakistan,ｵｰ,255220,27.1,6.4,67.90000000000001,47.4,3.5,15.8,4.4,Pakistan ｵｰ,Pakistan ｵｰ
Asie,Asia,Asie du Centre et du Sud,Central and South Asia,Sri Lanka,Sri Lanka,ｱｰ,23229,13.7,7.2,77.90000000000001,4.8,1.94,5.2,12.5,Sri Lanka ｱｰ,Sri Lanka ｱｰ
Asie,Asia,Asie du Centre et du Sud,Central and South Asia,Tadjikistan,Tajikistan,ｹｯ,10787,24.5,4.6,72.09999999999999,20.4,2.99,17.9,4.1,Tajikistan ｹｯ,Tadjikistan ｹｯ
Asie,Asia,Asie du Centre et du Sud,Central and South Asia,Turkmﾃｩnistan,Turkmenistan,ｹｲ,7619,20,5.9,70.3,27.8,2.63,15.9,4.8,Turkmenistan ｹｲ,Turkmﾃｩnistan ｹｲ
Asie,Asia,Asie du Centre et du Sud,Central and South Asia,Asie du Centre et du Sud,Central and South Asia,,2168806,17.9,6.4,72.2,25.6,2.21,10.4,6.9,Central and South Asia ,Asie du Centre et du Sud 
Asie,Asia,Asie du Sud-Est,Southeast Asia,Brunei,Brunei,ｧｳ,466,13,5.4,75.7,7.5,1.71,7.5,7.2,Brunei ｧｳ,Brunei ｧｳ
Asie,Asia,Asie du Sud-Est,Southeast Asia,Cambodge,Cambodia,ｰｭ,17848,19.9,6.5,71,18.1,2.51,11.6,6.4,Cambodia ｰｭ,Cambodge ｰｭ
Asie,Asia,Asie du Sud-Est,Southeast Asia,Indonﾃｩsie,Indonesia,ｮｩ,285721,15.5,7.7,71.40000000000001,16.1,2.1,7.7,7.5,Indonesia ｮｩ,Indonﾃｩsie ｮｩ
Asie,Asia,Asie du Sud-Est,Southeast Asia,Laos,Laos,ｱｦ,7873,20.5,6.2,69.5,29,2.36,13,4.8,Laos ｱｦ,Laos ｱｦ
Asie,Asia,Asie du Sud-Est,Southeast Asia,Malaisie,Malaysia,ｲｾ,35978,12.2,5.4,77,4.9,1.53,11.5,8,Malaysia ｲｾ,Malaisie ｲｾ
Asie,Asia,Asie du Sud-Est,Southeast Asia,Myanmar (Birmanie),Myanmar (Burma),ｲｲ,54851,16.2,9.199999999999999,67.3,32.4,2.08,6.2,7.5,Myanmar (Burma) ｲｲ,Myanmar (Birmanie) ｲｲ
Asie,Asia,Asie du Sud-Est,Southeast Asia,Philippines,Philippines,ｵｭ,116787,15.8,6.5,70.09999999999999,19.4,1.88,8.1,5.7,Philippines ｵｭ,Philippines ｵｭ
Asie,Asia,Asie du Sud-Est,Southeast Asia,Singapour,Singapore,ｸｬ,5871,8.5,5.1,84,1.7,.96,6.3,14.2,Singapore ｸｬ,Singapour ｸｬ
Asie,Asia,Asie du Sud-Est,Southeast Asia,Thaﾃｯlande,Thailand,ｹｭ,71620,8,9.1,76.8,7.8,1.19,-.8,16,Thailand ｹｭ,Thaﾃｯlande ｹｭ
Asie,Asia,Asie du Sud-Est,Southeast Asia,Timor-Est,East Timor,ｹｱ,1419,21.6,7.2,68.09999999999999,35,2.56,12.6,5.2,East Timor ｹｱ,Timor-Est ｹｱ
Asie,Asia,Asie du Sud-Est,Southeast Asia,Viﾃｪt Nam,Vietnam,ｻｳ,101598,13.1,6.7,74.90000000000001,14.3,1.88,5.9,9.5,Vietnam ｻｳ,Viﾃｪt Nam ｻｳ
Asie,Asia,Asie du Sud-Est,Southeast Asia,Asie du Sud-Est,Southeast Asia,,700032,14.5,7.4,72.5,17.2,1.91,6.9,8.4,Southeast Asia ,Asie du Sud-Est 
Ocﾃｩanie,Oceania,--,--,Australie / Nouvelle-Zﾃｩlande,Australia / New Zealand,,32226,11.3,6.9,83.90000000000001,2.7,1.64,9.199999999999999,18,Australia / New Zealand ,Australie / Nouvelle-Zﾃｩlande 
Ocﾃｩanie,Oceania,--,--,Mﾃｩlanﾃｩsie,Melanesia,,13165,23.5,6.7,67.2,28.3,2.99,16.7,4,Melanesia ,Mﾃｩlanﾃｩsie 
Ocﾃｩanie,Oceania,--,--,Micronﾃｩsie,Micronesia,,529,19.8,7.3,71.8,23.1,2.79,3.3,8.300000000000001,Micronesia ,Micronﾃｩsie 
Ocﾃｩanie,Oceania,--,--,Polynﾃｩsie,Polynesia,,690,17.3,5.6,77.59999999999999,9.5,2.5,.1,9.1,Polynesia ,Polynﾃｩsie 
Ocﾃｩanie,Oceania,--,--,Ocﾃｩanie,Oceania,,46610,14.9,6.8,79.5,14.5,2.13,11.1,13.8,Oceania ,Ocﾃｩanie 
Ocﾃｩanie,Oceania,Australie / Nouvelle-Zﾃｩlande,Australia / New Zealand,Australie,Australia,ｦｺ,26974,11.3,6.8,84.2,2.6,1.64,9.6,18.1,Australia ｦｺ,Australie ｦｺ
Ocﾃｩanie,Oceania,Australie / Nouvelle-Zﾃｩlande,Australia / New Zealand,Nouvelle-Zﾃｩlande,New Zealand,ｳｿ,5252,11.1,7.5,82.40000000000001,3.6,1.65,7,17.6,New Zealand ｳｿ,Nouvelle-Zﾃｩlande ｳｿ
Ocﾃｩanie,Oceania,Australie / Nouvelle-Zﾃｩlande,Australia / New Zealand,Australie / Nouvelle-Zﾃｩlande,Australia / New Zealand,,32226,11.3,6.9,83.90000000000001,2.7,1.64,9.199999999999999,18,Australia / New Zealand ,Australie / Nouvelle-Zﾃｩlande 
Ocﾃｩanie,Oceania,Mﾃｩlanﾃｩsie,Melanesia,Fidji,Fiji,ｫｯ,933,17.6,9.5,67.59999999999999,15.8,2.25,4.6,6.6,Fiji ｫｯ,Fidji ｫｯ
Ocﾃｩanie,Oceania,Mﾃｩlanﾃｩsie,Melanesia,France/ Nouvelle Calﾃｩdonie,France/ New Caledonia,ｳｨ,295,13.8,6.3,79.09999999999999,8.199999999999999,1.95,9,11.8,France/ New Caledonia ｳｨ,France/ Nouvelle Calﾃｩdonie ｳｨ
Ocﾃｩanie,Oceania,Mﾃｩlanﾃｩsie,Melanesia,Papouasie-Nouvelle-Guinﾃｩe,Papua New Guinea,ｵｬ,10763,23.9,6.6,66.40000000000001,31.2,3.03,17.3,3.6,Papua New Guinea ｵｬ,Papouasie-Nouvelle-Guinﾃｩe ｵｬ
Ocﾃｩanie,Oceania,Mﾃｩlanﾃｩsie,Melanesia,Salomon (ﾃ四es),Solomon Islands,ｸｧ,839,26.4,5,70.8,13.6,3.47,23.3,3.7,Solomon Islands ｸｧ,Salomon (ﾃ四es) ｸｧ
Ocﾃｩanie,Oceania,Mﾃｩlanﾃｩsie,Melanesia,Vanuatu,Vanuatu,ｻｺ,335,27.2,5,71.8,13.7,3.53,22.1,4.4,Vanuatu ｻｺ,Vanuatu ｻｺ
Ocﾃｩanie,Oceania,Mﾃｩlanﾃｩsie,Melanesia,Mﾃｩlanﾃｩsie,Melanesia,,13165,23.5,6.7,67.2,28.3,2.99,16.7,4,Melanesia ,Mﾃｩlanﾃｩsie 
Ocﾃｩanie,Oceania,Micronﾃｩsie,Micronesia,Guam,Guam,ｬｺ,169,17,7,77.59999999999999,9.699999999999999,2.71,7.1,13.1,Guam ｬｺ,Guam ｬｺ
Ocﾃｩanie,Oceania,Micronﾃｩsie,Micronesia,Kiribati,Kiribati,ｰｮ,137,24.8,7.1,66.7,41.9,3.09,14.4,4.4,Kiribati ｰｮ,Kiribati ｰｮ
Ocﾃｩanie,Oceania,Micronﾃｩsie,Micronesia,Micronﾃｩsie (ﾃ液ats fﾃｩdﾃｩrﾃｩs),Micronesia (Federated States),ｫｲ,114,22.1,7.8,67.5,18.2,2.71,4.5,6.2,Micronesia (Federated States) ｫｲ,Micronﾃｩsie (ﾃ液ats fﾃｩdﾃｩrﾃｩs) ｫｲ
Ocﾃｩanie,Oceania,Micronﾃｩsie,Micronesia,Micronﾃｩsie,Micronesia,,529,19.8,7.3,71.8,23.1,2.79,3.3,8.300000000000001,Micronesia ,Micronﾃｩsie 
Ocﾃｩanie,Oceania,Polynﾃｩsie,Polynesia,Polynﾃｩsie franﾃｧaise,French Polynesia,ｵｫ,282,10.5,4,84.3,5,1.48,2.3,11.9,French Polynesia ｵｫ,Polynﾃｩsie franﾃｧaise ｵｫ
Ocﾃｩanie,Oceania,Polynﾃｩsie,Polynesia,Samoa occidentales,Western Samoa,ｼｸ,219,24.6,6.2,71.90000000000001,12.5,3.75,5.6,6.1,Western Samoa ｼｸ,Samoa occidentales ｼｸ
Ocﾃｩanie,Oceania,Polynﾃｩsie,Polynesia,Tonga,Tonga,ｹｴ,104,22.8,6.5,73.2,8.4,3.07,-4.4,6.8,Tonga ｹｴ,Tonga ｹｴ
Ocﾃｩanie,Oceania,Polynﾃｩsie,Polynesia,Polynﾃｩsie,Polynesia,,690,17.3,5.6,77.59999999999999,9.5,2.5,.1,9.1,Polynesia ,Polynﾃｩsie 
